,index,rgiid,period,area,dmdtda,err_dmdtda,reg,is_cor
0,1,RGI60-06.00001,2000-01-01_2020-01-01,4903000.0,-0.2688,0.1339,6,False
1,4,RGI60-06.00002,2000-01-01_2020-01-01,1897000.0,-0.3145,0.1478,6,False
2,7,RGI60-06.00003,2000-01-01_2020-01-01,751000.0,-0.1778,0.1521,6,False
3,10,RGI60-06.00004,2000-01-01_2020-01-01,67000.0,0.0809,0.2349,6,False
4,13,RGI60-06.00005,2000-01-01_2020-01-01,978000.0,0.0399,0.1413,6,False
5,16,RGI60-06.00006,2000-01-01_2020-01-01,912000.0,-0.2881,0.1548,6,False
6,19,RGI60-06.00007,2000-01-01_2020-01-01,2712000.0,-0.4495,0.1521,6,False
7,22,RGI60-06.00008,2000-01-01_2020-01-01,2166000.0,-0.1537,0.1551,6,False
8,25,RGI60-06.00009,2000-01-01_2020-01-01,448000.0,-0.1985,0.1884,6,False
9,28,RGI60-06.00010,2000-01-01_2020-01-01,1000000.0,-0.3987,0.1659,6,False
10,31,RGI60-06.00011,2000-01-01_2020-01-01,258000.0,-0.1991,0.2058,6,False
11,34,RGI60-06.00012,2000-01-01_2020-01-01,52000.0,-0.7405,0.4537,6,False
12,37,RGI60-06.00013,2000-01-01_2020-01-01,828000.0,-0.1808,0.1709,6,False
13,40,RGI60-06.00014,2000-01-01_2020-01-01,771000.0,-0.3925,0.1602,6,False
14,43,RGI60-06.00015,2000-01-01_2020-01-01,469000.0,-0.3813,0.1759,6,False
15,46,RGI60-06.00016,2000-01-01_2020-01-01,77000.0,-0.0646,0.2978,6,False
16,49,RGI60-06.00017,2000-01-01_2020-01-01,3279000.0,-0.4135,0.1389,6,False
17,52,RGI60-06.00018,2000-01-01_2020-01-01,96000.0,-0.0997,0.3655,6,False
18,55,RGI60-06.00019,2000-01-01_2020-01-01,119000.0,-0.3031,0.2416,6,False
19,58,RGI60-06.00020,2000-01-01_2020-01-01,229000.0,-0.0241,0.1779,6,False
20,61,RGI60-06.00021,2000-01-01_2020-01-01,165000.0,-0.1855,0.2071,6,False
21,64,RGI60-06.00022,2000-01-01_2020-01-01,230000.0,0.2198,0.2329,6,False
22,67,RGI60-06.00023,2000-01-01_2020-01-01,86000.0,0.0113,0.2909,6,False
23,70,RGI60-06.00024,2000-01-01_2020-01-01,113000.0,-0.0423,0.2299,6,False
24,73,RGI60-06.00025,2000-01-01_2020-01-01,6608000.0,-0.3491,0.1359,6,False
25,76,RGI60-06.00026,2000-01-01_2020-01-01,4776000.0,-0.2731,0.1336,6,False
26,79,RGI60-06.00027,2000-01-01_2020-01-01,5093000.0,-0.2134,0.1281,6,False
27,82,RGI60-06.00028,2000-01-01_2020-01-01,896000.0,-0.3093,0.15,6,False
28,85,RGI60-06.00029,2000-01-01_2020-01-01,862000.0,-0.2198,0.1475,6,False
29,88,RGI60-06.00030,2000-01-01_2020-01-01,62000.0,0.099,0.2247,6,False
30,91,RGI60-06.00031,2000-01-01_2020-01-01,364000.0,-0.3642,0.1821,6,False
31,94,RGI60-06.00032,2000-01-01_2020-01-01,146000.0,-0.3046,0.2398,6,False
32,97,RGI60-06.00033,2000-01-01_2020-01-01,277000.0,-0.0883,0.2078,6,False
33,100,RGI60-06.00034,2000-01-01_2020-01-01,279000.0,-0.0505,0.1799,6,False
34,103,RGI60-06.00035,2000-01-01_2020-01-01,167000.0,0.1417,0.2214,6,False
35,106,RGI60-06.00036,2000-01-01_2020-01-01,1167000.0,-0.0683,0.1672,6,False
36,109,RGI60-06.00037,2000-01-01_2020-01-01,128000.0,-0.4689,0.2609,6,False
37,112,RGI60-06.00038,2000-01-01_2020-01-01,101000.0,-0.0482,0.1904,6,False
38,115,RGI60-06.00039,2000-01-01_2020-01-01,822000.0,-0.0116,0.1442,6,False
39,118,RGI60-06.00040,2000-01-01_2020-01-01,164000.0,-0.0253,0.2162,6,False
40,121,RGI60-06.00041,2000-01-01_2020-01-01,4714000.0,-0.2444,0.1248,6,False
41,124,RGI60-06.00042,2000-01-01_2020-01-01,110000.0,-0.0094,0.2243,6,False
42,127,RGI60-06.00043,2000-01-01_2020-01-01,3160000.0,-0.0279,0.1329,6,False
43,130,RGI60-06.00044,2000-01-01_2020-01-01,870000.0,-0.2958,0.1645,6,False
44,133,RGI60-06.00045,2000-01-01_2020-01-01,150000.0,-0.1408,0.1864,6,False
45,136,RGI60-06.00046,2000-01-01_2020-01-01,929000.0,-0.1408,0.1579,6,False
46,139,RGI60-06.00047,2000-01-01_2020-01-01,139000.0,-0.0755,0.2516,6,False
47,142,RGI60-06.00048,2000-01-01_2020-01-01,1803000.0,-0.0774,0.1472,6,False
48,145,RGI60-06.00049,2000-01-01_2020-01-01,558000.0,-0.1851,0.1617,6,False
49,148,RGI60-06.00050,2000-01-01_2020-01-01,276000.0,-0.2752,0.2172,6,False
50,151,RGI60-06.00051,2000-01-01_2020-01-01,349000.0,0.1651,0.1826,6,False
51,154,RGI60-06.00052,2000-01-01_2020-01-01,579000.0,-0.1628,0.172,6,False
52,157,RGI60-06.00053,2000-01-01_2020-01-01,199000.0,-0.0594,0.1897,6,False
53,160,RGI60-06.00054,2000-01-01_2020-01-01,143000.0,0.0704,0.2629,6,False
54,163,RGI60-06.00055,2000-01-01_2020-01-01,768000.0,-0.0705,0.1722,6,False
55,166,RGI60-06.00056,2000-01-01_2020-01-01,158000.0,0.017,0.261,6,False
56,169,RGI60-06.00057,2000-01-01_2020-01-01,524000.0,-0.1279,0.177,6,False
57,172,RGI60-06.00058,2000-01-01_2020-01-01,642000.0,0.0446,0.1627,6,False
58,175,RGI60-06.00059,2000-01-01_2020-01-01,354000.0,0.0602,0.1888,6,False
59,178,RGI60-06.00060,2000-01-01_2020-01-01,387000.0,-0.1027,0.1697,6,False
60,181,RGI60-06.00061,2000-01-01_2020-01-01,429000.0,-0.0495,0.1619,6,False
61,184,RGI60-06.00062,2000-01-01_2020-01-01,57000.0,0.2727,0.2472,6,False
62,187,RGI60-06.00063,2000-01-01_2020-01-01,359000.0,-0.0695,0.1868,6,False
63,190,RGI60-06.00064,2000-01-01_2020-01-01,766000.0,-0.0105,0.1762,6,False
64,193,RGI60-06.00065,2000-01-01_2020-01-01,96000.0,0.2511,0.2808,6,False
65,196,RGI60-06.00066,2000-01-01_2020-01-01,852000.0,-0.1816,0.1579,6,False
66,199,RGI60-06.00067,2000-01-01_2020-01-01,2275000.0,-0.0955,0.1403,6,False
67,202,RGI60-06.00068,2000-01-01_2020-01-01,318000.0,-0.0088,0.2136,6,False
68,205,RGI60-06.00069,2000-01-01_2020-01-01,1216000.0,-0.1129,0.1612,6,False
69,208,RGI60-06.00070,2000-01-01_2020-01-01,380000.0,0.0249,0.1769,6,False
70,211,RGI60-06.00071,2000-01-01_2020-01-01,2152000.0,0.0412,0.1453,6,False
71,214,RGI60-06.00072,2000-01-01_2020-01-01,522000.0,-0.0102,0.1745,6,False
72,217,RGI60-06.00073,2000-01-01_2020-01-01,53000.0,0.2174,0.362,6,False
73,220,RGI60-06.00074,2000-01-01_2020-01-01,1897000.0,-0.0929,0.1502,6,False
74,223,RGI60-06.00075,2000-01-01_2020-01-01,263000.0,-0.0376,0.1991,6,False
75,226,RGI60-06.00076,2000-01-01_2020-01-01,190000.0,-0.0955,0.2105,6,False
76,229,RGI60-06.00077,2000-01-01_2020-01-01,214000.0,-0.0888,0.2038,6,False
77,232,RGI60-06.00078,2000-01-01_2020-01-01,684000.0,0.0236,0.159,6,False
78,235,RGI60-06.00079,2000-01-01_2020-01-01,461000.0,-0.0333,0.1734,6,False
79,238,RGI60-06.00080,2000-01-01_2020-01-01,302000.0,0.1009,0.1879,6,False
80,241,RGI60-06.00081,2000-01-01_2020-01-01,827000.0,-0.0733,0.1613,6,False
81,244,RGI60-06.00082,2000-01-01_2020-01-01,395000.0,-0.0159,0.1598,6,False
82,247,RGI60-06.00083,2000-01-01_2020-01-01,123000.0,-0.3255,0.2334,6,False
83,250,RGI60-06.00084,2000-01-01_2020-01-01,600000.0,-0.0178,0.1642,6,False
84,253,RGI60-06.00085,2000-01-01_2020-01-01,577000.0,-0.0998,0.1677,6,False
85,256,RGI60-06.00086,2000-01-01_2020-01-01,230000.0,-0.415,0.203,6,False
86,259,RGI60-06.00087,2000-01-01_2020-01-01,445000.0,0.148,0.1778,6,False
87,262,RGI60-06.00088,2000-01-01_2020-01-01,172000.0,-0.2556,0.2219,6,False
88,265,RGI60-06.00089,2000-01-01_2020-01-01,1745000.0,-0.3126,0.1527,6,False
89,268,RGI60-06.00090,2000-01-01_2020-01-01,313000.0,-0.3879,0.2063,6,False
90,271,RGI60-06.00091,2000-01-01_2020-01-01,122000.0,-0.0268,0.2986,6,False
91,274,RGI60-06.00092,2000-01-01_2020-01-01,295000.0,0.5939,0.2177,6,False
92,277,RGI60-06.00093,2000-01-01_2020-01-01,377000.0,0.1262,0.1798,6,False
93,280,RGI60-06.00094,2000-01-01_2020-01-01,1202000.0,-0.0604,0.1622,6,False
94,283,RGI60-06.00095,2000-01-01_2020-01-01,84000.0,-0.0349,0.2382,6,False
95,286,RGI60-06.00096,2000-01-01_2020-01-01,752000.0,-0.095,0.1545,6,False
96,289,RGI60-06.00097,2000-01-01_2020-01-01,167000.0,0.0689,0.2034,6,False
97,292,RGI60-06.00098,2000-01-01_2020-01-01,582000.0,-0.3632,0.1725,6,False
98,295,RGI60-06.00099,2000-01-01_2020-01-01,195000.0,-0.1442,0.2066,6,False
99,298,RGI60-06.00100,2000-01-01_2020-01-01,804000.0,-0.2709,0.1576,6,False
100,301,RGI60-06.00101,2000-01-01_2020-01-01,253000.0,-0.0633,0.2103,6,False
101,304,RGI60-06.00102,2000-01-01_2020-01-01,587000.0,-0.3451,0.1851,6,False
102,307,RGI60-06.00103,2000-01-01_2020-01-01,194000.0,-0.073,0.187,6,False
103,310,RGI60-06.00104,2000-01-01_2020-01-01,1532000.0,-0.1763,0.1365,6,False
104,313,RGI60-06.00105,2000-01-01_2020-01-01,732000.0,-0.3233,0.1506,6,False
105,316,RGI60-06.00106,2000-01-01_2020-01-01,882000.0,-0.0879,0.1445,6,False
106,319,RGI60-06.00107,2000-01-01_2020-01-01,473000.0,-0.04,0.1467,6,False
107,322,RGI60-06.00108,2000-01-01_2020-01-01,137000.0,0.3275,0.2314,6,False
108,325,RGI60-06.00109,2000-01-01_2020-01-01,572000.0,0.0919,0.1622,6,False
109,328,RGI60-06.00110,2000-01-01_2020-01-01,1072000.0,-0.0163,0.156,6,False
110,331,RGI60-06.00111,2000-01-01_2020-01-01,44000.0,-0.1839,0.3639,6,False
111,334,RGI60-06.00112,2000-01-01_2020-01-01,730000.0,-0.1996,0.1546,6,False
112,337,RGI60-06.00113,2000-01-01_2020-01-01,718000.0,-0.2777,0.1563,6,False
113,340,RGI60-06.00114,2000-01-01_2020-01-01,117000.0,-0.0409,0.2223,6,False
114,343,RGI60-06.00115,2000-01-01_2020-01-01,277000.0,-0.1135,0.1693,6,False
115,346,RGI60-06.00116,2000-01-01_2020-01-01,417000.0,-0.0342,0.1648,6,False
116,349,RGI60-06.00117,2000-01-01_2020-01-01,249000.0,0.0993,0.1971,6,False
117,352,RGI60-06.00118,2000-01-01_2020-01-01,962000.0,-0.0452,0.1632,6,False
118,355,RGI60-06.00119,2000-01-01_2020-01-01,1612000.0,-0.3,0.1634,6,False
119,358,RGI60-06.00120,2000-01-01_2020-01-01,165000.0,0.0273,0.1943,6,False
120,361,RGI60-06.00121,2000-01-01_2020-01-01,679000.0,-0.1261,0.1468,6,False
121,364,RGI60-06.00122,2000-01-01_2020-01-01,232000.0,-0.1644,0.1955,6,False
122,367,RGI60-06.00123,2000-01-01_2020-01-01,137000.0,-0.2699,0.2069,6,False
123,370,RGI60-06.00124,2000-01-01_2020-01-01,69000.0,-0.1403,0.3207,6,False
124,373,RGI60-06.00125,2000-01-01_2020-01-01,78000.0,0.0145,0.2346,6,False
125,376,RGI60-06.00126,2000-01-01_2020-01-01,157000.0,-0.0842,0.2087,6,False
126,379,RGI60-06.00127,2000-01-01_2020-01-01,142000.0,0.4214,0.2363,6,False
127,382,RGI60-06.00128,2000-01-01_2020-01-01,168000.0,-0.08,0.249,6,False
128,385,RGI60-06.00129,2000-01-01_2020-01-01,512000.0,-0.162,0.1566,6,False
129,388,RGI60-06.00130,2000-01-01_2020-01-01,531000.0,0.0941,0.1599,6,False
130,391,RGI60-06.00131,2000-01-01_2020-01-01,123000.0,0.1951,0.218,6,False
131,394,RGI60-06.00132,2000-01-01_2020-01-01,165000.0,-0.3661,0.2395,6,False
132,397,RGI60-06.00133,2000-01-01_2020-01-01,967000.0,0.0097,0.1401,6,False
133,400,RGI60-06.00134,2000-01-01_2020-01-01,233000.0,-0.0076,0.1715,6,False
134,403,RGI60-06.00135,2000-01-01_2020-01-01,222000.0,-0.2036,0.2213,6,False
135,406,RGI60-06.00136,2000-01-01_2020-01-01,123000.0,0.1142,0.2554,6,False
136,409,RGI60-06.00137,2000-01-01_2020-01-01,2165000.0,0.0792,0.1285,6,False
137,412,RGI60-06.00138,2000-01-01_2020-01-01,290000.0,-0.0136,0.1786,6,False
138,415,RGI60-06.00139,2000-01-01_2020-01-01,117000.0,-0.0004,0.2,6,False
139,418,RGI60-06.00140,2000-01-01_2020-01-01,1130000.0,-0.1804,0.1386,6,False
140,421,RGI60-06.00141,2000-01-01_2020-01-01,759000.0,-0.198,0.1468,6,False
141,424,RGI60-06.00142,2000-01-01_2020-01-01,229000.0,-0.0735,0.1867,6,False
142,427,RGI60-06.00143,2000-01-01_2020-01-01,229000.0,-0.1061,0.1776,6,False
143,430,RGI60-06.00144,2000-01-01_2020-01-01,155000.0,-0.3238,0.2348,6,False
144,433,RGI60-06.00145,2000-01-01_2020-01-01,51000.0,-0.2744,0.2849,6,False
145,436,RGI60-06.00146,2000-01-01_2020-01-01,187000.0,-0.1314,0.1996,6,False
146,439,RGI60-06.00147,2000-01-01_2020-01-01,548000.0,-0.1822,0.1676,6,False
147,442,RGI60-06.00148,2000-01-01_2020-01-01,155000.0,-0.0705,0.2445,6,False
148,445,RGI60-06.00149,2000-01-01_2020-01-01,127000.0,-0.3139,0.225,6,False
149,448,RGI60-06.00150,2000-01-01_2020-01-01,360000.0,-0.2579,0.1917,6,False
150,451,RGI60-06.00151,2000-01-01_2020-01-01,764000.0,-0.3095,0.1566,6,False
151,454,RGI60-06.00152,2000-01-01_2020-01-01,51000.0,-0.515,0.4906,6,False
152,457,RGI60-06.00153,2000-01-01_2020-01-01,80000.0,-0.2848,0.3027,6,False
153,460,RGI60-06.00154,2000-01-01_2020-01-01,94000.0,0.0853,0.2317,6,False
154,463,RGI60-06.00155,2000-01-01_2020-01-01,114000.0,-0.0694,0.2303,6,False
155,466,RGI60-06.00156,2000-01-01_2020-01-01,167000.0,-0.6482,0.2707,6,False
156,469,RGI60-06.00157,2000-01-01_2020-01-01,73000.0,-0.3299,0.3754,6,False
157,472,RGI60-06.00158,2000-01-01_2020-01-01,122000.0,-0.48,0.2773,6,False
158,475,RGI60-06.00159,2000-01-01_2020-01-01,206000.0,-0.3448,0.2413,6,False
159,478,RGI60-06.00160,2000-01-01_2020-01-01,219000.0,-0.5545,0.2153,6,False
160,481,RGI60-06.00161,2000-01-01_2020-01-01,144000.0,-0.1947,0.2041,6,False
161,484,RGI60-06.00162,2000-01-01_2020-01-01,131000.0,0.0331,0.2062,6,False
162,487,RGI60-06.00163,2000-01-01_2020-01-01,125000.0,-0.2256,0.2812,6,False
163,490,RGI60-06.00164,2000-01-01_2020-01-01,94000.0,0.2026,0.2815,6,False
164,493,RGI60-06.00165,2000-01-01_2020-01-01,458000.0,-0.2843,0.1785,6,False
165,496,RGI60-06.00166,2000-01-01_2020-01-01,343000.0,-0.0204,0.1542,6,False
166,499,RGI60-06.00167,2000-01-01_2020-01-01,334000.0,-0.3323,0.2064,6,False
167,502,RGI60-06.00168,2000-01-01_2020-01-01,272000.0,-0.1463,0.207,6,False
168,505,RGI60-06.00169,2000-01-01_2020-01-01,485000.0,-0.1567,0.1714,6,False
169,508,RGI60-06.00170,2000-01-01_2020-01-01,158000.0,-0.142,0.2194,6,False
170,511,RGI60-06.00171,2000-01-01_2020-01-01,139000.0,0.0263,0.2769,6,False
171,514,RGI60-06.00172,2000-01-01_2020-01-01,164000.0,-0.2165,0.2022,6,False
172,517,RGI60-06.00173,2000-01-01_2020-01-01,770000.0,-0.3555,0.1753,6,False
173,520,RGI60-06.00174,2000-01-01_2020-01-01,188000.0,-0.6693,0.2289,6,False
174,523,RGI60-06.00175,2000-01-01_2020-01-01,275000.0,-0.7925,0.2097,6,False
175,526,RGI60-06.00176,2000-01-01_2020-01-01,191000.0,-0.0124,0.2337,6,False
176,529,RGI60-06.00177,2000-01-01_2020-01-01,926000.0,-0.2469,0.1619,6,False
177,532,RGI60-06.00178,2000-01-01_2020-01-01,65000.0,-0.1294,0.3022,6,False
178,535,RGI60-06.00179,2000-01-01_2020-01-01,132000.0,0.2885,0.2343,6,False
179,538,RGI60-06.00180,2000-01-01_2020-01-01,163000.0,-0.0056,0.2213,6,False
180,541,RGI60-06.00181,2000-01-01_2020-01-01,109000.0,-0.0024,0.2211,6,False
181,544,RGI60-06.00182,2000-01-01_2020-01-01,206000.0,-0.5489,0.2374,6,False
182,547,RGI60-06.00183,2000-01-01_2020-01-01,245000.0,-0.1905,0.1922,6,False
183,550,RGI60-06.00184,2000-01-01_2020-01-01,117000.0,-0.6468,0.2947,6,False
184,553,RGI60-06.00185,2000-01-01_2020-01-01,61000.0,-0.3342,0.371,6,False
185,556,RGI60-06.00186,2000-01-01_2020-01-01,1539000.0,-0.1984,0.1599,6,False
186,559,RGI60-06.00187,2000-01-01_2020-01-01,299000.0,-0.1228,0.2159,6,False
187,562,RGI60-06.00188,2000-01-01_2020-01-01,239000.0,-0.1464,0.1845,6,False
188,565,RGI60-06.00189,2000-01-01_2020-01-01,734000.0,-0.1093,0.159,6,False
189,568,RGI60-06.00190,2000-01-01_2020-01-01,497000.0,-0.1064,0.1739,6,False
190,571,RGI60-06.00191,2000-01-01_2020-01-01,901000.0,-0.1277,0.1579,6,False
191,574,RGI60-06.00192,2000-01-01_2020-01-01,286000.0,-0.2301,0.199,6,False
192,577,RGI60-06.00193,2000-01-01_2020-01-01,1167000.0,-0.2153,0.1562,6,False
193,580,RGI60-06.00194,2000-01-01_2020-01-01,793000.0,-0.3669,0.1825,6,False
194,583,RGI60-06.00195,2000-01-01_2020-01-01,413000.0,-0.0678,0.1675,6,False
195,586,RGI60-06.00196,2000-01-01_2020-01-01,232000.0,-0.1928,0.183,6,False
196,589,RGI60-06.00197,2000-01-01_2020-01-01,1894000.0,-0.2591,0.1332,6,False
197,592,RGI60-06.00198,2000-01-01_2020-01-01,2095000.0,-0.7095,0.1421,6,False
198,595,RGI60-06.00199,2000-01-01_2020-01-01,533000.0,-0.2715,0.1913,6,False
199,598,RGI60-06.00200,2000-01-01_2020-01-01,217000.0,-0.0814,0.1724,6,False
200,601,RGI60-06.00201,2000-01-01_2020-01-01,539000.0,-0.0635,0.1604,6,False
201,604,RGI60-06.00202,2000-01-01_2020-01-01,2465000.0,-0.0947,0.1402,6,False
202,607,RGI60-06.00203,2000-01-01_2020-01-01,1849000.0,-0.1247,0.159,6,False
203,610,RGI60-06.00204,2000-01-01_2020-01-01,170000.0,-0.1672,0.2287,6,False
204,613,RGI60-06.00205,2000-01-01_2020-01-01,837000.0,-0.0485,0.1681,6,False
205,616,RGI60-06.00206,2000-01-01_2020-01-01,1247000.0,-0.4448,0.1747,6,False
206,619,RGI60-06.00207,2000-01-01_2020-01-01,1346000.0,-0.3362,0.1373,6,False
207,622,RGI60-06.00208,2000-01-01_2020-01-01,2381000.0,-0.2409,0.1351,6,False
208,625,RGI60-06.00209,2000-01-01_2020-01-01,208000.0,-0.2574,0.2636,6,False
209,628,RGI60-06.00210,2000-01-01_2020-01-01,152000.0,0.2144,0.2049,6,False
210,631,RGI60-06.00211,2000-01-01_2020-01-01,1469000.0,-0.2741,0.1527,6,False
211,634,RGI60-06.00212,2000-01-01_2020-01-01,442000.0,-0.2975,0.1756,6,False
212,637,RGI60-06.00213,2000-01-01_2020-01-01,667000.0,-0.1952,0.1606,6,False
213,640,RGI60-06.00214,2000-01-01_2020-01-01,937000.0,-0.3566,0.1449,6,False
214,643,RGI60-06.00215,2000-01-01_2020-01-01,999000.0,-0.1281,0.1389,6,False
215,646,RGI60-06.00216,2000-01-01_2020-01-01,280000.0,-0.0064,0.1825,6,False
216,649,RGI60-06.00217,2000-01-01_2020-01-01,112000.0,-0.04,0.2241,6,False
217,652,RGI60-06.00218,2000-01-01_2020-01-01,90000.0,-0.1246,0.2483,6,False
218,655,RGI60-06.00219,2000-01-01_2020-01-01,99000.0,-0.1134,0.2436,6,False
219,658,RGI60-06.00220,2000-01-01_2020-01-01,6303000.0,-0.1417,0.1198,6,False
220,661,RGI60-06.00221,2000-01-01_2020-01-01,4538000.0,-0.5739,0.1357,6,False
221,664,RGI60-06.00222,2000-01-01_2020-01-01,377000.0,-0.0461,0.169,6,False
222,667,RGI60-06.00223,2000-01-01_2020-01-01,148000.0,0.2085,0.2367,6,False
223,670,RGI60-06.00224,2000-01-01_2020-01-01,578000.0,-0.0611,0.1415,6,False
224,673,RGI60-06.00225,2000-01-01_2020-01-01,655000.0,0.0466,0.1582,6,False
225,676,RGI60-06.00226,2000-01-01_2020-01-01,113000.0,-0.144,0.1944,6,False
226,679,RGI60-06.00227,2000-01-01_2020-01-01,147000.0,-0.6318,0.2562,6,False
227,682,RGI60-06.00228,2000-01-01_2020-01-01,26951000.0,-0.6131,0.1172,6,False
228,685,RGI60-06.00229,2000-01-01_2020-01-01,8371000.0,-0.4869,0.1212,6,False
229,688,RGI60-06.00230,2000-01-01_2020-01-01,1687000.0,-0.5405,0.155,6,False
230,691,RGI60-06.00231,2000-01-01_2020-01-01,1681000.0,-0.4626,0.1466,6,False
231,694,RGI60-06.00232,2000-01-01_2020-01-01,101432000.0,-1.0074,0.1192,6,False
232,697,RGI60-06.00233,2000-01-01_2020-01-01,77307000.0,-0.5823,0.0997,6,False
233,700,RGI60-06.00234,2000-01-01_2020-01-01,264536000.0,-0.9198,0.1044,6,False
234,703,RGI60-06.00235,2000-01-01_2020-01-01,103558000.0,-0.6148,0.0999,6,False
235,706,RGI60-06.00236,2000-01-01_2020-01-01,68110000.0,-0.6332,0.1101,6,False
236,709,RGI60-06.00237,2000-01-01_2020-01-01,77758000.0,-1.0468,0.1202,6,False
237,712,RGI60-06.00238,2000-01-01_2020-01-01,157818000.0,-0.6675,0.0974,6,False
238,715,RGI60-06.00239,2000-01-01_2020-01-01,135000.0,-0.4921,0.254,6,False
239,718,RGI60-06.00240,2000-01-01_2020-01-01,6625000.0,-0.7607,0.1313,6,False
240,721,RGI60-06.00241,2000-01-01_2020-01-01,4479000.0,-0.7838,0.1418,6,False
241,724,RGI60-06.00242,2000-01-01_2020-01-01,4502000.0,-0.9428,0.1435,6,False
242,727,RGI60-06.00243,2000-01-01_2020-01-01,2937000.0,-1.3553,0.1876,6,False
243,730,RGI60-06.00244,2000-01-01_2020-01-01,2791000.0,-1.004,0.1656,6,False
244,733,RGI60-06.00245,2000-01-01_2020-01-01,2702000.0,-0.6547,0.1485,6,False
245,736,RGI60-06.00246,2000-01-01_2020-01-01,2024000.0,-0.8766,0.1629,6,False
246,739,RGI60-06.00247,2000-01-01_2020-01-01,2304000.0,-1.2498,0.207,6,False
247,742,RGI60-06.00248,2000-01-01_2020-01-01,1023000.0,-0.7992,0.181,6,False
248,745,RGI60-06.00249,2000-01-01_2020-01-01,126000.0,-1.123,0.3569,6,False
249,748,RGI60-06.00250,2000-01-01_2020-01-01,101000.0,-0.3347,0.2454,6,False
250,751,RGI60-06.00251,2000-01-01_2020-01-01,190000.0,-0.2527,0.1723,6,False
251,754,RGI60-06.00252,2000-01-01_2020-01-01,3378000.0,-0.6091,0.1315,6,False
252,757,RGI60-06.00253,2000-01-01_2020-01-01,383000.0,-0.1014,0.163,6,False
253,760,RGI60-06.00254,2000-01-01_2020-01-01,457000.0,-0.3038,0.1746,6,False
254,763,RGI60-06.00255,2000-01-01_2020-01-01,90000.0,0.118,0.2096,6,False
255,766,RGI60-06.00256,2000-01-01_2020-01-01,493000.0,-0.4713,0.1809,6,False
256,769,RGI60-06.00257,2000-01-01_2020-01-01,528000.0,-0.4704,0.188,6,False
257,772,RGI60-06.00258,2000-01-01_2020-01-01,249000.0,-0.3831,0.2075,6,False
258,775,RGI60-06.00259,2000-01-01_2020-01-01,100000.0,-0.1691,0.2062,6,False
259,778,RGI60-06.00260,2000-01-01_2020-01-01,87000.0,-0.0837,0.2616,6,False
260,781,RGI60-06.00261,2000-01-01_2020-01-01,1670000.0,-0.8439,0.1679,6,False
261,784,RGI60-06.00262,2000-01-01_2020-01-01,61000.0,0.1118,0.2233,6,False
262,787,RGI60-06.00263,2000-01-01_2020-01-01,128000.0,-0.814,0.3146,6,False
263,790,RGI60-06.00264,2000-01-01_2020-01-01,87000.0,-0.236,0.2829,6,False
264,793,RGI60-06.00265,2000-01-01_2020-01-01,90000.0,-0.0957,0.2056,6,False
265,796,RGI60-06.00266,2000-01-01_2020-01-01,892000.0,-0.491,0.1788,6,False
266,799,RGI60-06.00267,2000-01-01_2020-01-01,251000.0,-0.1922,0.1712,6,False
267,802,RGI60-06.00268,2000-01-01_2020-01-01,362000.0,-0.34,0.1832,6,False
268,805,RGI60-06.00269,2000-01-01_2020-01-01,431000.0,-0.053,0.147,6,False
269,808,RGI60-06.00270,2000-01-01_2020-01-01,3668000.0,-0.363,0.1311,6,False
270,811,RGI60-06.00271,2000-01-01_2020-01-01,705000.0,-0.369,0.1695,6,False
271,814,RGI60-06.00272,2000-01-01_2020-01-01,498000.0,-0.2809,0.1768,6,False
272,817,RGI60-06.00273,2000-01-01_2020-01-01,483000.0,-0.2684,0.1797,6,False
273,820,RGI60-06.00274,2000-01-01_2020-01-01,128000.0,-0.0973,0.2215,6,False
274,823,RGI60-06.00275,2000-01-01_2020-01-01,1263000.0,-0.3779,0.1521,6,False
275,826,RGI60-06.00276,2000-01-01_2020-01-01,4889000.0,-0.5385,0.1275,6,False
276,829,RGI60-06.00277,2000-01-01_2020-01-01,4864000.0,-0.2866,0.1226,6,False
277,832,RGI60-06.00278,2000-01-01_2020-01-01,2838000.0,-0.3497,0.1303,6,False
278,835,RGI60-06.00279,2000-01-01_2020-01-01,608000.0,-0.6432,0.1751,6,False
279,838,RGI60-06.00280,2000-01-01_2020-01-01,363000.0,-0.0963,0.179,6,False
280,841,RGI60-06.00281,2000-01-01_2020-01-01,1001000.0,-0.667,0.1759,6,False
281,844,RGI60-06.00282,2000-01-01_2020-01-01,56000.0,-0.2518,0.3768,6,False
282,847,RGI60-06.00283,2000-01-01_2020-01-01,2825000.0,-0.478,0.1405,6,False
283,850,RGI60-06.00284,2000-01-01_2020-01-01,9578000.0,-0.4175,0.1226,6,False
284,853,RGI60-06.00285,2000-01-01_2020-01-01,7592000.0,-0.5845,0.1298,6,False
285,856,RGI60-06.00286,2000-01-01_2020-01-01,7423000.0,-0.5249,0.1284,6,False
286,859,RGI60-06.00287,2000-01-01_2020-01-01,2530000.0,-0.2333,0.1385,6,False
287,862,RGI60-06.00288,2000-01-01_2020-01-01,1835000.0,-0.4785,0.149,6,False
288,865,RGI60-06.00289,2000-01-01_2020-01-01,683000.0,-0.3659,0.16,6,False
289,868,RGI60-06.00290,2000-01-01_2020-01-01,8796000.0,-0.5361,0.1266,6,False
290,871,RGI60-06.00291,2000-01-01_2020-01-01,126529000.0,-1.6105,0.1337,6,False
291,874,RGI60-06.00292,2000-01-01_2020-01-01,28043000.0,-0.9799,0.117,6,False
292,877,RGI60-06.00293,2000-01-01_2020-01-01,18666000.0,-1.1402,0.126,6,False
293,880,RGI60-06.00294,2000-01-01_2020-01-01,18110000.0,-1.1353,0.1273,6,False
294,883,RGI60-06.00295,2000-01-01_2020-01-01,7890000.0,-0.4563,0.1159,6,False
295,886,RGI60-06.00296,2000-01-01_2020-01-01,6595000.0,-0.5655,0.1233,6,False
296,889,RGI60-06.00297,2000-01-01_2020-01-01,1415000.0,-0.5176,0.1533,6,False
297,892,RGI60-06.00298,2000-01-01_2020-01-01,992000.0,-0.8254,0.1778,6,False
298,895,RGI60-06.00299,2000-01-01_2020-01-01,298000.0,-0.4272,0.1778,6,False
299,898,RGI60-06.00300,2000-01-01_2020-01-01,179000.0,-0.1919,0.1678,6,False
300,901,RGI60-06.00301,2000-01-01_2020-01-01,53685000.0,-0.8599,0.1085,6,False
301,904,RGI60-06.00302,2000-01-01_2020-01-01,95137000.0,-1.0978,0.1067,6,False
302,907,RGI60-06.00303,2000-01-01_2020-01-01,115166000.0,-1.1777,0.1134,6,False
303,910,RGI60-06.00304,2000-01-01_2020-01-01,22918000.0,-1.5935,0.1518,6,False
304,913,RGI60-06.00305,2000-01-01_2020-01-01,77882000.0,-0.8085,0.095,6,False
305,916,RGI60-06.00306,2000-01-01_2020-01-01,9449000.0,-0.646,0.1208,6,False
306,919,RGI60-06.00307,2000-01-01_2020-01-01,2927000.0,-0.5497,0.1382,6,False
307,922,RGI60-06.00308,2000-01-01_2020-01-01,2371000.0,-0.6353,0.1437,6,False
308,925,RGI60-06.00309,2000-01-01_2020-01-01,131173000.0,-1.1123,0.1066,6,False
309,928,RGI60-06.00310,2000-01-01_2020-01-01,157045000.0,-0.8946,0.0971,6,False
310,931,RGI60-06.00311,2000-01-01_2020-01-01,41287000.0,-1.2121,0.124,6,False
311,934,RGI60-06.00312,2000-01-01_2020-01-01,179000.0,-0.2358,0.1937,6,False
312,937,RGI60-06.00313,2000-01-01_2020-01-01,15730000.0,-0.6322,0.1251,6,False
313,940,RGI60-06.00314,2000-01-01_2020-01-01,3882000.0,-0.7795,0.1577,6,False
314,943,RGI60-06.00315,2000-01-01_2020-01-01,1635000.0,-0.9289,0.1972,6,False
315,946,RGI60-06.00316,2000-01-01_2020-01-01,1088000.0,-0.2768,0.1564,6,False
316,949,RGI60-06.00317,2000-01-01_2020-01-01,7841000.0,-0.821,0.1501,6,False
317,952,RGI60-06.00318,2000-01-01_2020-01-01,2982000.0,-1.0627,0.1736,6,False
318,955,RGI60-06.00319,2000-01-01_2020-01-01,7534000.0,-0.5921,0.1296,6,False
319,958,RGI60-06.00320,2000-01-01_2020-01-01,5974000.0,-0.8247,0.1424,6,False
320,961,RGI60-06.00321,2000-01-01_2020-01-01,4249000.0,-0.3566,0.1345,6,False
321,964,RGI60-06.00322,2000-01-01_2020-01-01,3421000.0,-0.662,0.1488,6,False
322,967,RGI60-06.00323,2000-01-01_2020-01-01,3414000.0,-0.1958,0.1357,6,False
323,970,RGI60-06.00324,2000-01-01_2020-01-01,4637000.0,-0.6926,0.1449,6,False
324,973,RGI60-06.00325,2000-01-01_2020-01-01,6510000.0,-0.198,0.124,6,False
325,976,RGI60-06.00326,2000-01-01_2020-01-01,10889000.0,-0.7026,0.1296,6,False
326,979,RGI60-06.00327,2000-01-01_2020-01-01,176000.0,-0.029,0.239,6,False
327,982,RGI60-06.00328,2000-01-01_2020-01-01,145022000.0,-1.1376,0.1204,6,False
328,985,RGI60-06.00329,2000-01-01_2020-01-01,18064000.0,-1.4715,0.1554,6,False
329,988,RGI60-06.00330,2000-01-01_2020-01-01,7130000.0,-1.1888,0.161,6,False
330,991,RGI60-06.00331,2000-01-01_2020-01-01,4655000.0,-0.9332,0.1529,6,False
331,994,RGI60-06.00332,2000-01-01_2020-01-01,3830000.0,-1.2255,0.1939,6,False
332,997,RGI60-06.00333,2000-01-01_2020-01-01,1735000.0,-0.6102,0.167,6,False
333,1000,RGI60-06.00334,2000-01-01_2020-01-01,1622000.0,-0.5486,0.1668,6,False
334,1003,RGI60-06.00335,2000-01-01_2020-01-01,2980000.0,-1.2708,0.1828,6,False
335,1006,RGI60-06.00336,2000-01-01_2020-01-01,111562000.0,-1.7148,0.1487,6,False
336,1009,RGI60-06.00337,2000-01-01_2020-01-01,2736000.0,-0.7367,0.1526,6,False
337,1012,RGI60-06.00338,2000-01-01_2020-01-01,1757000.0,-1.509,0.2118,6,False
338,1015,RGI60-06.00339,2000-01-01_2020-01-01,106223000.0,-1.3891,0.1316,6,False
339,1018,RGI60-06.00340,2000-01-01_2020-01-01,55095000.0,-0.935,0.1171,6,False
340,1021,RGI60-06.00341,2000-01-01_2020-01-01,43199000.0,-1.2178,0.1316,6,False
341,1024,RGI60-06.00342,2000-01-01_2020-01-01,22132000.0,-1.109,0.1332,6,False
342,1027,RGI60-06.00343,2000-01-01_2020-01-01,18071000.0,-0.9006,0.1292,6,False
343,1030,RGI60-06.00344,2000-01-01_2020-01-01,12414000.0,-0.7138,0.1288,6,False
344,1033,RGI60-06.00345,2000-01-01_2020-01-01,9343000.0,-0.538,0.1249,6,False
345,1036,RGI60-06.00346,2000-01-01_2020-01-01,8659000.0,-0.8228,0.1374,6,False
346,1039,RGI60-06.00347,2000-01-01_2020-01-01,20386000.0,-1.3192,0.1525,6,False
347,1042,RGI60-06.00348,2000-01-01_2020-01-01,115000.0,0.1493,0.2841,6,False
348,1045,RGI60-06.00349,2000-01-01_2020-01-01,4835000.0,-1.1523,0.1616,6,False
349,1048,RGI60-06.00350,2000-01-01_2020-01-01,2324000.0,-0.6724,0.1519,6,False
350,1051,RGI60-06.00351,2000-01-01_2020-01-01,1040000.0,-0.8239,0.1903,6,False
351,1054,RGI60-06.00352,2000-01-01_2020-01-01,1217000.0,-0.6014,0.1657,6,False
352,1057,RGI60-06.00353,2000-01-01_2020-01-01,94000.0,-0.0759,0.1907,6,False
353,1060,RGI60-06.00354,2000-01-01_2020-01-01,1015000.0,-0.4346,0.1596,6,False
354,1063,RGI60-06.00355,2000-01-01_2020-01-01,553000.0,-0.7502,0.202,6,False
355,1066,RGI60-06.00356,2000-01-01_2020-01-01,621000.0,-0.7385,0.2044,6,False
356,1069,RGI60-06.00357,2000-01-01_2020-01-01,60000.0,0.1226,0.2386,6,False
357,1072,RGI60-06.00358,2000-01-01_2020-01-01,107000.0,-0.1747,0.2459,6,False
358,1075,RGI60-06.00359,2000-01-01_2020-01-01,2783000.0,-0.8351,0.1559,6,False
359,1078,RGI60-06.00360,2000-01-01_2020-01-01,183000.0,-0.3983,0.2003,6,False
360,1081,RGI60-06.00361,2000-01-01_2020-01-01,75000.0,-0.618,0.3883,6,False
361,1084,RGI60-06.00362,2000-01-01_2020-01-01,1372000.0,-1.0982,0.1913,6,False
362,1087,RGI60-06.00363,2000-01-01_2020-01-01,232000.0,-1.562,0.4035,6,False
363,1090,RGI60-06.00364,2000-01-01_2020-01-01,616000.0,-1.1397,0.2345,6,False
364,1093,RGI60-06.00365,2000-01-01_2020-01-01,5623000.0,-1.4544,0.1805,6,False
365,1096,RGI60-06.00366,2000-01-01_2020-01-01,1222000.0,-1.5259,0.2325,6,False
366,1099,RGI60-06.00367,2000-01-01_2020-01-01,82000.0,-0.5213,0.2837,6,False
367,1102,RGI60-06.00368,2000-01-01_2020-01-01,472000.0,-0.5411,0.1952,6,False
368,1105,RGI60-06.00369,2000-01-01_2020-01-01,3552000.0,-1.417,0.1847,6,False
369,1108,RGI60-06.00370,2000-01-01_2020-01-01,102000.0,-0.1238,0.2277,6,False
370,1111,RGI60-06.00371,2000-01-01_2020-01-01,93000.0,-0.2957,0.2635,6,False
371,1114,RGI60-06.00372,2000-01-01_2020-01-01,394000.0,-0.2079,0.1971,6,False
372,1117,RGI60-06.00373,2000-01-01_2020-01-01,189000.0,0.2121,0.2003,6,False
373,1120,RGI60-06.00374,2000-01-01_2020-01-01,308000.0,0.0842,0.1673,6,False
374,1123,RGI60-06.00375,2000-01-01_2020-01-01,363000.0,-0.4434,0.2189,6,False
375,1126,RGI60-06.00376,2000-01-01_2020-01-01,109000.0,0.2651,0.3286,6,False
376,1129,RGI60-06.00377,2000-01-01_2020-01-01,1428724000.0,-0.6326,0.0677,6,False
377,1132,RGI60-06.00378,2000-01-01_2020-01-01,818000.0,-0.3059,0.1615,6,False
378,1135,RGI60-06.00379,2000-01-01_2020-01-01,627000.0,-0.5638,0.1927,6,False
379,1138,RGI60-06.00380,2000-01-01_2020-01-01,719000.0,0.1483,0.1495,6,False
380,1141,RGI60-06.00381,2000-01-01_2020-01-01,65000.0,0.2834,0.2833,6,False
381,1144,RGI60-06.00382,2000-01-01_2020-01-01,404000.0,-0.1103,0.1726,6,False
382,1147,RGI60-06.00383,2000-01-01_2020-01-01,467000.0,0.2434,0.1765,6,False
383,1150,RGI60-06.00384,2000-01-01_2020-01-01,504000.0,-0.2704,0.1915,6,False
384,1153,RGI60-06.00385,2000-01-01_2020-01-01,547000.0,-0.1422,0.1724,6,False
385,1156,RGI60-06.00386,2000-01-01_2020-01-01,92000.0,-0.327,0.2397,6,False
386,1159,RGI60-06.00387,2000-01-01_2020-01-01,174000.0,1.4804,0.6702,6,False
387,1162,RGI60-06.00388,2000-01-01_2020-01-01,651000.0,-0.1524,0.1566,6,False
388,1165,RGI60-06.00389,2000-01-01_2020-01-01,455000.0,-0.0726,0.161,6,False
389,1168,RGI60-06.00390,2000-01-01_2020-01-01,192000.0,0.0399,0.2148,6,False
390,1171,RGI60-06.00391,2000-01-01_2020-01-01,142000.0,0.163,0.2073,6,False
391,1174,RGI60-06.00392,2000-01-01_2020-01-01,451000.0,-0.2024,0.1996,6,False
392,1177,RGI60-06.00393,2000-01-01_2020-01-01,354000.0,0.1733,0.1911,6,False
393,1180,RGI60-06.00394,2000-01-01_2020-01-01,254000.0,0.2858,0.2086,6,False
394,1183,RGI60-06.00395,2000-01-01_2020-01-01,297000.0,-0.5134,0.2076,6,False
395,1186,RGI60-06.00396,2000-01-01_2020-01-01,272000.0,-0.0074,0.1775,6,False
396,1189,RGI60-06.00397,2000-01-01_2020-01-01,252000.0,-0.1634,0.1769,6,False
397,1192,RGI60-06.00398,2000-01-01_2020-01-01,179000.0,0.2727,0.228,6,False
398,1195,RGI60-06.00399,2000-01-01_2020-01-01,241000.0,-0.2743,0.206,6,False
399,1198,RGI60-06.00400,2000-01-01_2020-01-01,133000.0,0.1166,0.2002,6,False
400,1201,RGI60-06.00401,2000-01-01_2020-01-01,100000.0,-0.2537,0.3344,6,False
401,1204,RGI60-06.00402,2000-01-01_2020-01-01,138000.0,-0.2661,0.2252,6,False
402,1207,RGI60-06.00403,2000-01-01_2020-01-01,818000.0,-0.6416,0.1741,6,False
403,1210,RGI60-06.00404,2000-01-01_2020-01-01,160000.0,-0.1055,0.1692,6,False
404,1213,RGI60-06.00405,2000-01-01_2020-01-01,62000.0,-0.0261,0.2264,6,False
405,1216,RGI60-06.00406,2000-01-01_2020-01-01,4319000.0,-0.2883,0.1386,6,False
406,1219,RGI60-06.00407,2000-01-01_2020-01-01,63469000.0,-0.6627,0.1107,6,False
407,1222,RGI60-06.00408,2000-01-01_2020-01-01,30587000.0,-0.8678,0.1233,6,False
408,1225,RGI60-06.00409,2000-01-01_2020-01-01,26100000.0,-0.0749,0.0927,6,False
409,1228,RGI60-06.00410,2000-01-01_2020-01-01,28767000.0,-0.2361,0.0962,6,False
410,1231,RGI60-06.00411,2000-01-01_2020-01-01,22231000.0,-0.8134,0.1263,6,False
411,1234,RGI60-06.00412,2000-01-01_2020-01-01,29902000.0,-0.879,0.1285,6,False
412,1237,RGI60-06.00413,2000-01-01_2020-01-01,12524000.0,-0.6458,0.1284,6,False
413,1240,RGI60-06.00414,2000-01-01_2020-01-01,8798000.0,-0.6051,0.1247,6,False
414,1243,RGI60-06.00415,2000-01-01_2020-01-01,8953000.0,-0.2882,0.1164,6,False
415,1246,RGI60-06.00416,2000-01-01_2020-01-01,757308000.0,-1.0869,0.0958,6,False
416,1249,RGI60-06.00417,2000-01-01_2020-01-01,96000.0,-0.0709,0.2069,6,False
417,1252,RGI60-06.00418,2000-01-01_2020-01-01,7056000.0,-0.749,0.1405,6,False
418,1255,RGI60-06.00419,2000-01-01_2020-01-01,118000.0,-0.0445,0.1915,6,False
419,1258,RGI60-06.00420,2000-01-01_2020-01-01,254000.0,0.0359,0.1591,6,False
420,1261,RGI60-06.00421,2000-01-01_2020-01-01,5051000.0,-0.4509,0.1326,6,False
421,1264,RGI60-06.00422,2000-01-01_2020-01-01,6052000.0,-0.2861,0.1302,6,False
422,1267,RGI60-06.00423,2000-01-01_2020-01-01,5543000.0,-0.4047,0.1387,6,False
423,1270,RGI60-06.00424,2000-01-01_2020-01-01,319463000.0,-0.7179,0.0875,6,False
424,1273,RGI60-06.00425,2000-01-01_2020-01-01,7119000.0,-0.2087,0.1337,6,False
425,1276,RGI60-06.00426,2000-01-01_2020-01-01,69000.0,-0.1154,0.2349,6,False
426,1279,RGI60-06.00427,2000-01-01_2020-01-01,4916000.0,-0.1495,0.1364,6,False
427,1282,RGI60-06.00428,2000-01-01_2020-01-01,4499000.0,-0.2813,0.141,6,False
428,1285,RGI60-06.00429,2000-01-01_2020-01-01,6146000.0,-0.3096,0.1388,6,False
429,1288,RGI60-06.00430,2000-01-01_2020-01-01,3438000.0,-0.9191,0.1594,6,False
430,1291,RGI60-06.00431,2000-01-01_2020-01-01,4219000.0,-0.232,0.1407,6,False
431,1294,RGI60-06.00432,2000-01-01_2020-01-01,212000.0,-0.2098,0.2233,6,False
432,1297,RGI60-06.00433,2000-01-01_2020-01-01,424000.0,-0.6531,0.2059,6,False
433,1300,RGI60-06.00434,2000-01-01_2020-01-01,1757000.0,-0.196,0.1612,6,False
434,1303,RGI60-06.00435,2000-01-01_2020-01-01,3700000.0,-0.2226,0.1368,6,False
435,1306,RGI60-06.00436,2000-01-01_2020-01-01,2112000.0,-0.7266,0.1784,6,False
436,1309,RGI60-06.00437,2000-01-01_2020-01-01,2022000.0,-0.5878,0.1433,6,False
437,1312,RGI60-06.00438,2000-01-01_2020-01-01,220000.0,-0.6003,0.2547,6,False
438,1315,RGI60-06.00439,2000-01-01_2020-01-01,2929000.0,-0.3893,0.1394,6,False
439,1318,RGI60-06.00440,2000-01-01_2020-01-01,2505000.0,-0.069,0.1312,6,False
440,1321,RGI60-06.00441,2000-01-01_2020-01-01,1832000.0,-0.7339,0.1823,6,False
441,1324,RGI60-06.00442,2000-01-01_2020-01-01,1599000.0,-0.7727,0.2105,6,False
442,1327,RGI60-06.00443,2000-01-01_2020-01-01,271069000.0,-1.8648,0.153,6,False
443,1330,RGI60-06.00444,2000-01-01_2020-01-01,1761000.0,-0.2624,0.139,6,False
444,1333,RGI60-06.00445,2000-01-01_2020-01-01,16734000.0,-0.5627,0.1255,6,False
445,1336,RGI60-06.00446,2000-01-01_2020-01-01,2040000.0,0.0122,0.129,6,False
446,1339,RGI60-06.00447,2000-01-01_2020-01-01,1807000.0,-0.2595,0.1537,6,False
447,1342,RGI60-06.00448,2000-01-01_2020-01-01,1740000.0,-0.6893,0.1641,6,False
448,1345,RGI60-06.00449,2000-01-01_2020-01-01,68000.0,-0.1674,0.2611,6,False
449,1348,RGI60-06.00450,2000-01-01_2020-01-01,1595000.0,-0.0521,0.1391,6,False
450,1351,RGI60-06.00451,2000-01-01_2020-01-01,1223000.0,-0.7274,0.1811,6,False
451,1354,RGI60-06.00452,2000-01-01_2020-01-01,237000.0,-0.0441,0.1768,6,False
452,1357,RGI60-06.00453,2000-01-01_2020-01-01,4502000.0,-0.3222,0.1423,6,False
453,1360,RGI60-06.00454,2000-01-01_2020-01-01,1107000.0,0.0593,0.1402,6,False
454,1363,RGI60-06.00455,2000-01-01_2020-01-01,1034000.0,-0.4966,0.1624,6,False
455,1366,RGI60-06.00456,2000-01-01_2020-01-01,684000.0,-0.2359,0.1624,6,False
456,1369,RGI60-06.00457,2000-01-01_2020-01-01,836000.0,-0.2242,0.143,6,False
457,1372,RGI60-06.00458,2000-01-01_2020-01-01,706000.0,-0.2613,0.1572,6,False
458,1375,RGI60-06.00459,2000-01-01_2020-01-01,57000.0,-0.3999,0.3744,6,False
459,1378,RGI60-06.00460,2000-01-01_2020-01-01,983000.0,-0.1788,0.1475,6,False
460,1381,RGI60-06.00461,2000-01-01_2020-01-01,809000.0,0.1572,0.1441,6,False
461,1384,RGI60-06.00462,2000-01-01_2020-01-01,871000.0,-0.6729,0.1878,6,False
462,1387,RGI60-06.00463,2000-01-01_2020-01-01,101000.0,0.0775,0.2484,6,False
463,1390,RGI60-06.00464,2000-01-01_2020-01-01,176000.0,-0.3352573192239854,0.18756137566137565,6,True
464,1393,RGI60-06.00465,2000-01-01_2020-01-01,212267000.0,-0.6718,0.0951,6,False
465,1396,RGI60-06.00466,2000-01-01_2020-01-01,240050000.0,-0.6404,0.0927,6,False
466,1399,RGI60-06.00467,2000-01-01_2020-01-01,569000.0,0.3001,0.1734,6,False
467,1402,RGI60-06.00468,2000-01-01_2020-01-01,9924000.0,-0.3757,0.1238,6,False
468,1405,RGI60-06.00469,2000-01-01_2020-01-01,787000.0,-0.0879,0.1642,6,False
469,1408,RGI60-06.00470,2000-01-01_2020-01-01,38496000.0,-0.7918,0.1154,6,False
470,1411,RGI60-06.00471,2000-01-01_2020-01-01,93266000.0,-1.2556,0.1322,6,False
471,1414,RGI60-06.00472,2000-01-01_2020-01-01,129639000.0,-0.5877,0.0999,6,False
472,1417,RGI60-06.00473,2000-01-01_2020-01-01,181416000.0,-1.0802,0.1098,6,False
473,1420,RGI60-06.00474,2000-01-01_2020-01-01,32229000.0,-0.5911,0.1101,6,False
474,1423,RGI60-06.00475,2000-01-01_2020-01-01,1561218000.0,-0.7676,0.0699,6,False
475,1426,RGI60-06.00476,2000-01-01_2020-01-01,25754000.0,-0.3344,0.1153,6,False
476,1429,RGI60-06.00477,2000-01-01_2020-01-01,1060639000.0,-0.636,0.0664,6,False
477,1432,RGI60-06.00478,2000-01-01_2020-01-01,137057000.0,-0.5976,0.1024,6,False
478,1435,RGI60-06.00479,2000-01-01_2020-01-01,90482000.0,-0.8762,0.1006,6,False
479,1438,RGI60-06.00480,2000-01-01_2020-01-01,10496000.0,-0.1547,0.1111,6,False
480,1441,RGI60-06.00481,2000-01-01_2020-01-01,30442000.0,-0.6763,0.1049,6,False
481,1444,RGI60-06.00482,2000-01-01_2020-01-01,1276000.0,0.1056,0.1385,6,False
482,1447,RGI60-06.00483,2000-01-01_2020-01-01,1067745000.0,-1.0565,0.0948,6,False
483,1450,RGI60-06.00484,2000-01-01_2020-01-01,757000.0,-0.0794,0.1699,6,False
484,1453,RGI60-06.00485,2000-01-01_2020-01-01,95000.0,0.3083,0.2789,6,False
485,1456,RGI60-06.00486,2000-01-01_2020-01-01,82000.0,-0.0593,0.2569,6,False
486,1459,RGI60-06.00487,2000-01-01_2020-01-01,2693000.0,-0.5273,0.1544,6,False
487,1462,RGI60-06.00488,2000-01-01_2020-01-01,70000.0,-0.0915,0.24,6,False
488,1465,RGI60-06.00489,2000-01-01_2020-01-01,144000.0,-0.4412,0.2843,6,False
489,1468,RGI60-06.00490,2000-01-01_2020-01-01,95000.0,0.0853,0.2718,6,False
490,1471,RGI60-06.00491,2000-01-01_2020-01-01,272000.0,-0.1479,0.1868,6,False
491,1474,RGI60-06.00492,2000-01-01_2020-01-01,470000.0,-0.5304,0.1964,6,False
492,1477,RGI60-06.00493,2000-01-01_2020-01-01,54000.0,-0.3411,0.4081,6,False
493,1480,RGI60-06.00494,2000-01-01_2020-01-01,71000.0,0.0911,0.2876,6,False
494,1483,RGI60-06.00495,2000-01-01_2020-01-01,132000.0,-0.1119,0.3682,6,False
495,1486,RGI60-06.00496,2000-01-01_2020-01-01,114000.0,-0.013,0.2341,6,False
496,1489,RGI60-06.00497,2000-01-01_2020-01-01,587000.0,-0.4669,0.1858,6,False
497,1492,RGI60-06.00498,2000-01-01_2020-01-01,450000.0,-0.2389,0.186,6,False
498,1495,RGI60-06.00499,2000-01-01_2020-01-01,386000.0,-0.0289,0.1867,6,False
499,1498,RGI60-06.00500,2000-01-01_2020-01-01,263000.0,-0.3065,0.2097,6,False
500,1501,RGI60-06.00501,2000-01-01_2020-01-01,97000.0,0.8526,0.4146,6,False
501,1504,RGI60-06.00502,2000-01-01_2020-01-01,59000.0,0.0312,0.7145,6,False
502,1507,RGI60-06.00503,2000-01-01_2020-01-01,243000.0,0.053,0.1971,6,False
503,1510,RGI60-06.00504,2000-01-01_2020-01-01,636000.0,-0.2788,0.1664,6,False
504,1513,RGI60-06.00505,2000-01-01_2020-01-01,217000.0,-0.3354,0.2312,6,False
505,1516,RGI60-06.00506,2000-01-01_2020-01-01,106000.0,-0.0091,0.2213,6,False
506,1519,RGI60-06.00507,2000-01-01_2020-01-01,321000.0,-0.3795,0.2238,6,False
507,1522,RGI60-06.00508,2000-01-01_2020-01-01,72000.0,0.0683,0.2877,6,False
508,1525,RGI60-06.00509,2000-01-01_2020-01-01,173000.0,-0.1984,0.1967,6,False
509,1528,RGI60-06.00510,2000-01-01_2020-01-01,519000.0,-0.1997,0.1673,6,False
510,1531,RGI60-06.00511,2000-01-01_2020-01-01,446000.0,-0.1063,0.1656,6,False
511,1534,RGI60-06.00512,2000-01-01_2020-01-01,2771000.0,-0.7588,0.1669,6,False
512,1537,RGI60-06.00513,2000-01-01_2020-01-01,5543000.0,-0.819,0.1483,6,False
513,1540,RGI60-06.00514,2000-01-01_2020-01-01,3116000.0,-0.6206,0.1587,6,False
514,1543,RGI60-06.00515,2000-01-01_2020-01-01,159000.0,0.1041,0.2843,6,False
515,1546,RGI60-06.00516,2000-01-01_2020-01-01,825000.0,0.1182,0.1639,6,False
516,1549,RGI60-06.00517,2000-01-01_2020-01-01,449000.0,-0.071,0.1678,6,False
517,1552,RGI60-06.00518,2000-01-01_2020-01-01,966000.0,-0.0277,0.1516,6,False
518,1555,RGI60-06.00519,2000-01-01_2020-01-01,249000.0,0.0663,0.1841,6,False
519,1558,RGI60-06.00520,2000-01-01_2020-01-01,406000.0,-0.1164,0.1662,6,False
520,1561,RGI60-06.00521,2000-01-01_2020-01-01,482000.0,0.0153,0.1567,6,False
521,1564,RGI60-06.00522,2000-01-01_2020-01-01,437000.0,0.1166,0.1653,6,False
522,1567,RGI60-06.00523,2000-01-01_2020-01-01,707000.0,0.1318,0.1658,6,False
523,1570,RGI60-06.00524,2000-01-01_2020-01-01,90000.0,0.1002,0.3482,6,False
524,1573,RGI60-06.00525,2000-01-01_2020-01-01,193000.0,-0.5898,0.3102,6,False
525,1576,RGI60-06.00526,2000-01-01_2020-01-01,66000.0,-0.5243,0.3646,6,False
526,1579,RGI60-06.00527,2000-01-01_2020-01-01,139000.0,-0.7941,0.3277,6,False
527,1582,RGI60-06.00528,2000-01-01_2020-01-01,330000.0,-0.2551,0.3034,6,False
528,1585,RGI60-06.00529,2000-01-01_2020-01-01,207000.0,-0.8756,0.308,6,False
529,1588,RGI60-06.00530,2000-01-01_2020-01-01,514000.0,-0.3643,0.2169,6,False
530,1591,RGI60-06.00531,2000-01-01_2020-01-01,91000.0,-0.4052,0.3642,6,False
531,1594,RGI60-06.00532,2000-01-01_2020-01-01,236000.0,-0.5719,0.318,6,False
532,1597,RGI60-06.00533,2000-01-01_2020-01-01,117000.0,-0.2087,0.3423,6,False
533,1600,RGI60-06.00534,2000-01-01_2020-01-01,212000.0,-0.4126,0.2488,6,False
534,1603,RGI60-06.00535,2000-01-01_2020-01-01,282000.0,-0.3381,0.1982,6,False
535,1606,RGI60-06.00536,2000-01-01_2020-01-01,210000.0,-0.5667,0.2476,6,False
536,1609,RGI60-06.00537,2000-01-01_2020-01-01,138000.0,-0.3227,0.2396,6,False
537,1612,RGI60-06.00538,2000-01-01_2020-01-01,56000.0,-0.2312,0.4194,6,False
538,1615,RGI60-06.00539,2000-01-01_2020-01-01,41863000.0,-0.582,0.1101,6,False
539,1618,RGI60-06.00540,2000-01-01_2020-01-01,23922000.0,-0.7874,0.1267,6,False
540,1621,RGI60-06.00541,2000-01-01_2020-01-01,22746000.0,-0.3772,0.1199,6,False
541,1624,RGI60-06.00542,2000-01-01_2020-01-01,2856000.0,-0.3865,0.1621,6,False
542,1627,RGI60-06.00543,2000-01-01_2020-01-01,2573000.0,-0.4935,0.1587,6,False
543,1630,RGI60-06.00544,2000-01-01_2020-01-01,28849000.0,-0.6272,0.1134,6,False
544,1633,RGI60-06.00545,2000-01-01_2020-01-01,16482000.0,-0.6455,0.129,6,False
545,1636,RGI60-06.00546,2000-01-01_2020-01-01,132000.0,-0.2099,0.2108,6,False
546,1639,RGI60-06.00547,2000-01-01_2020-01-01,248000.0,-0.6156,0.2374,6,False
547,1642,RGI60-06.00548,2000-01-01_2020-01-01,325000.0,-0.007,0.1736,6,False
548,1645,RGI60-06.00549,2000-01-01_2020-01-01,6640000.0,-0.4767,0.1506,6,False
549,1648,RGI60-06.00550,2000-01-01_2020-01-01,137000.0,-0.2409,0.1971,6,False
550,1651,RGI60-06.00551,2000-01-01_2020-01-01,236000.0,-0.2433,0.1826,6,False
551,1654,RGI60-06.00552,2000-01-01_2020-01-01,224000.0,-0.0266,0.2013,6,False
552,1657,RGI60-06.00553,2000-01-01_2020-01-01,5616000.0,-0.8653,0.151,6,False
553,1660,RGI60-06.00554,2000-01-01_2020-01-01,2770000.0,-0.585,0.1539,6,False
554,1663,RGI60-06.00555,2000-01-01_2020-01-01,2198000.0,-0.6116,0.1681,6,False
555,1666,RGI60-06.00556,2000-01-01_2020-01-01,478000.0,-0.0533,0.1675,6,False
556,1669,RGI60-06.00557,2000-01-01_2020-01-01,390000.0,0.1538,0.1703,6,False
557,1672,RGI60-06.00558,2000-01-01_2020-01-01,12974000.0,-1.6026,0.1768,6,False
558,1675,RGI60-06.00559,2000-01-01_2020-01-01,314000.0,-0.3393,0.1787,6,False
559,1678,RGI60-06.00560,2000-01-01_2020-01-01,126000.0,-0.3731,0.2083,6,False
560,1681,RGI60-06.00561,2000-01-01_2020-01-01,6227000.0,-0.3929,0.1239,6,False
561,1684,RGI60-06.00562,2000-01-01_2020-01-01,9182000.0,-0.2982,0.1153,6,False
562,1687,RGI60-06.00563,2000-01-01_2020-01-01,3320000.0,0.0509,0.1218,6,False
563,1690,RGI60-06.00564,2000-01-01_2020-01-01,771000.0,-0.6185,0.174,6,False
564,1693,RGI60-06.00565,2000-01-01_2020-01-01,457000.0,-0.3585,0.1773,6,False
565,1696,RGI60-06.00566,2000-01-01_2020-01-01,2824000.0,-0.8332,0.1551,6,False
566,1699,RGI60-06.00567,2000-01-01_2020-01-01,340000.0,-0.1737,0.1634,6,False
567,1702,RGI60-06.00568,2000-01-01_2020-01-01,4837000.0,-0.4758,0.1267,6,False
