rgi_id,start_date,end_date,avg_mb_mwe,avg_mb_gt,uncertainty_mwe,uncertainty_gt
RGI60-06.00001,2001,2020,-0.2515,-0.0012331045,2.7332536783951547,0.013401142785171445
RGI60-06.00002,2001,2020,-0.3236,-0.0006138692,3.1436071024430285,0.005963422673334426
RGI60-06.00003,2001,2020,-0.16085000000000002,-0.00012079835000000003,3.333247372790617,0.002503268776965754
RGI60-06.00004,2001,2020,0.11774999999999998,7.889249999999999e-06,4.824425450530103,0.0003232365051855169
RGI60-06.00005,2001,2020,0.09234999999999999,9.031829999999999e-05,3.249760569749275,0.0031782658372147914
RGI60-06.00006,2001,2020,-0.29255,-0.0002668056,3.476771824618038,0.003170815904051651
RGI60-06.00007,2001,2020,-0.4641,-0.0012586392,3.0766237855321448,0.008343803706363177
RGI60-06.00008,2001,2020,-0.1928,-0.0004176048,3.0216834205582126,0.006544966288929088
RGI60-06.00009,2001,2020,-0.24769999999999995,-0.00011096959999999999,3.8030821494316163,0.001703780802945364
RGI60-06.00010,2001,2020,-0.4617,-0.00046170000000000006,3.3387860182908233,0.0033387860182908236
RGI60-06.00011,2001,2020,-0.24879999999999997,-6.41904e-05,4.380574360889421,0.0011301881851094706
RGI60-06.00012,2001,2020,-0.7882,-4.0986400000000005e-05,5.849469634734909,0.0003041724210062153
RGI60-06.00013,2001,2020,-0.21994999999999995,-0.00018211859999999995,3.3689121596521874,0.002789459268192011
RGI60-06.00014,2001,2020,-0.44234999999999997,-0.00034105185,3.4158339515814533,0.0026336079766693006
RGI60-06.00015,2001,2020,-0.42555,-0.00019958294999999999,3.618001883063731,0.00169684288315689
RGI60-06.00016,2001,2020,-0.09730000000000001,-7.4921000000000015e-06,6.408644709792003,0.0004934656426539842
RGI60-06.00017,2001,2020,-0.4725,-0.0015493275,2.871385978995764,0.009415274625127111
RGI60-06.00018,2001,2020,-0.12475,-1.1976e-05,7.749786065994769,0.0007439794623354979
RGI60-06.00019,2001,2020,-0.34604999999999997,-4.117995e-05,4.956251446478701,0.0005897939221309655
RGI60-06.00020,2001,2020,0.013350000000000006,3.0571500000000017e-06,3.90253184907354,0.0008936797934378407
RGI60-06.00021,2001,2020,-0.19434999999999997,-3.206775e-05,4.5067558010665945,0.0007436147071759882
RGI60-06.00022,2001,2020,0.19625000000000004,4.513750000000001e-05,4.623120495792611,0.0010633177140323006
RGI60-06.00023,2001,2020,-0.011550000000000001,-9.933e-07,6.3234704923308245,0.000543818462340451
RGI60-06.00024,2001,2020,0.0007500000000000062,8.47500000000007e-08,4.927666077970811,0.0005568262668107016
RGI60-06.00025,2001,2020,-0.4276,-0.0028255808,2.7096851951150445,0.017905599769320213
RGI60-06.00026,2001,2020,-0.27995,-0.0013370412,2.7920936011384825,0.013335039039037393
RGI60-06.00027,2001,2020,-0.23149999999999996,-0.0011790294999999998,2.823180146466375,0.014378456485953248
RGI60-06.00028,2001,2020,-0.34104999999999996,-0.0003055808,3.361630870718119,0.0030120212601634343
RGI60-06.00029,2001,2020,-0.2964,-0.0002554968,3.297444217524255,0.002842396915505908
RGI60-06.00030,2001,2020,0.11175000000000002,6.9285000000000015e-06,4.630817581103699,0.00028711069002842934
RGI60-06.00031,2001,2020,-0.40595,-0.0001477658,3.8539613575978287,0.0014028419341656096
RGI60-06.00032,2001,2020,-0.3471,-5.067660000000001e-05,4.86379912057717,0.0007101146716042667
RGI60-06.00033,2001,2020,-0.10750000000000001,-2.9777500000000004e-05,4.362592648023357,0.00120843816350247
RGI60-06.00034,2001,2020,-0.0987,-2.75373e-05,3.9200777560657882,0.001093701693942355
RGI60-06.00035,2001,2020,0.057699999999999994,9.6359e-06,4.83359895432581,0.0008072110253724103
RGI60-06.00036,2001,2020,-0.0767,-8.950890000000002e-05,3.2104906094953365,0.003746642541281058
RGI60-06.00037,2001,2020,-0.53075,-6.793600000000001e-05,5.118760592896248,0.0006552013558907197
RGI60-06.00038,2001,2020,-0.03065,-3.09565e-06,4.301622788371541,0.0004344639016255257
RGI60-06.00039,2001,2020,-0.0339,-2.78658e-05,3.3082356040687664,0.002719369666544526
RGI60-06.00040,2001,2020,-0.058299999999999984,-9.561199999999997e-06,4.752412259033479,0.0007793956104814906
RGI60-06.00041,2001,2020,-0.28275,-0.0013328835000000002,2.7105445231821177,0.012777506882280503
RGI60-06.00042,2001,2020,0.05245,5.7695e-06,4.853414040737047,0.0005338755444810753
RGI60-06.00043,2001,2020,-0.03870000000000001,-0.00012229200000000005,3.0164516365096348,0.009531987171370448
RGI60-06.00044,2001,2020,-0.31934999999999997,-0.00027783450000000003,3.4416763609611705,0.002994258434036218
RGI60-06.00045,2001,2020,-0.1383,-2.0745000000000002e-05,3.9492847443941406,0.0005923927116591211
RGI60-06.00046,2001,2020,-0.1528,-0.00014195119999999998,3.3565715862484664,0.0031182550036248256
RGI60-06.00047,2001,2020,-0.09345,-1.2989550000000002e-05,5.444127605405582,0.0007567337371513758
RGI60-06.00048,2001,2020,-0.09285,-0.00016740855000000002,3.1379050943132847,0.005657642885046852
RGI60-06.00049,2001,2020,-0.22105000000000002,-0.00012334590000000003,3.6621568418516697,0.002043483517753232
RGI60-06.00050,2001,2020,-0.33594999999999997,-9.27222e-05,4.2867834233509665,0.0011831522248448667
RGI60-06.00051,2001,2020,0.17295,6.035955e-05,3.996753050562674,0.0013948668146463734
RGI60-06.00052,2001,2020,-0.17065000000000002,-9.880635000000003e-05,3.785630012059427,0.0021918797769824084
RGI60-06.00053,2001,2020,-0.12004999999999999,-2.388995e-05,4.13703900469949,0.0008232707619351986
RGI60-06.00054,2001,2020,0.018000000000000016,2.5740000000000024e-06,5.356986474214013,0.0007660490658126038
RGI60-06.00055,2001,2020,-0.1305,-0.00010022400000000001,3.4722319606638123,0.0026666741457898077
RGI60-06.00056,2001,2020,-0.059499999999999977,-9.400999999999997e-06,5.431432588314495,0.0008581663489536902
RGI60-06.00057,2001,2020,-0.11764999999999999,-6.16486e-05,3.8951906990010357,0.0020410799262765428
RGI60-06.00058,2001,2020,0.02995000000000001,1.922790000000001e-05,3.4065384628717177,0.002186997693163643
RGI60-06.00059,2001,2020,0.0508,1.79832e-05,4.029688180768742,0.001426509615992135
RGI60-06.00060,2001,2020,-0.11855,-4.587885e-05,3.65464508131695,0.0014143476464696597
RGI60-06.00061,2001,2020,-0.08134999999999999,-3.4899149999999996e-05,3.6652742614013762,0.0015724026581411905
RGI60-06.00062,2001,2020,0.3331,1.8986700000000002e-05,4.840734853555876,0.00027592188665268496
RGI60-06.00063,2001,2020,-0.06325,-2.270675e-05,4.323644066815826,0.0015521882199868815
RGI60-06.00064,2001,2020,-0.06495000000000001,-4.975170000000001e-05,3.6536311838528177,0.002798681486831259
RGI60-06.00065,2001,2020,0.29864999999999997,2.86704e-05,5.956773211675825,0.0005718502283208793
RGI60-06.00066,2001,2020,-0.26184999999999997,-0.0002230962,3.4278941633022244,0.0029205658271334953
RGI60-06.00067,2001,2020,-0.10554999999999999,-0.00024012625,3.143645224177434,0.007151792885003663
RGI60-06.00068,2001,2020,-0.04239999999999999,-1.3483199999999998e-05,4.309161807056352,0.00137031345464392
RGI60-06.00069,2001,2020,-0.12655,-0.0001538848,3.336358641885016,0.00405701210853218
RGI60-06.00070,2001,2020,-0.022099999999999988,-8.397999999999995e-06,3.8283910319883327,0.0014547885921555666
RGI60-06.00071,2001,2020,0.018300000000000004,3.938160000000001e-05,3.125999775704467,0.006727151517316014
RGI60-06.00072,2001,2020,-0.04689999999999998,-2.4481799999999993e-05,3.709056425027499,0.0019361274538643545
RGI60-06.00073,2001,2020,0.27605,1.4630650000000002e-05,7.267893047702212,0.00038519833152821727
RGI60-06.00074,2001,2020,-0.10079999999999997,-0.00019121759999999997,3.163561749928635,0.006001276639614621
RGI60-06.00075,2001,2020,-0.10515000000000004,-2.765445000000001e-05,4.203429439309716,0.001105501942538455
RGI60-06.00076,2001,2020,-0.16230000000000003,-3.0837e-05,4.419511771042609,0.0008397072364980958
RGI60-06.00077,2001,2020,-0.1523,-3.2592199999999996e-05,4.274687875174953,0.00091478320528744
RGI60-06.00078,2001,2020,0.0344,2.35296e-05,3.4395063428484898,0.002352622338508367
RGI60-06.00079,2001,2020,-0.034050000000000004,-1.5697050000000002e-05,3.8184058580064386,0.0017602851005409682
RGI60-06.00080,2001,2020,0.06905000000000001,2.085310000000001e-05,4.002271218481729,0.0012086859079814822
RGI60-06.00081,2001,2020,-0.1105,-9.138350000000001e-05,3.4676070928112956,0.0028677110657549416
RGI60-06.00082,2001,2020,-0.04975,-1.9651250000000003e-05,3.6351232811688803,0.001435873696061708
RGI60-06.00083,2001,2020,-0.4466000000000001,-5.4931800000000015e-05,4.8087900378419155,0.0005914811746545556
RGI60-06.00084,2001,2020,-0.07060000000000001,-4.236000000000001e-05,3.4276143965039068,0.002056568637902344
RGI60-06.00085,2001,2020,-0.15725000000000003,-9.073325000000002e-05,3.518892890551662,0.002030401197848309
RGI60-06.00086,2001,2020,-0.48310000000000003,-0.000111113,4.196172480344426,0.0009651196704792181
RGI60-06.00087,2001,2020,0.08259999999999998,3.6756999999999994e-05,3.7468422953286833,0.001667344821421264
RGI60-06.00088,2001,2020,-0.36535000000000006,-6.284020000000002e-05,4.633402292539383,0.000796945194316774
RGI60-06.00089,2001,2020,-0.33745,-0.00058885025,3.186416092799371,0.0055602960819349035
RGI60-06.00090,2001,2020,-0.40155,-0.00012568515000000002,4.033896697876182,0.0012626096664352451
RGI60-06.00091,2001,2020,-0.05205,-6.3500999999999996e-06,6.320291212275314,0.0007710755278975884
RGI60-06.00092,2001,2020,0.5576,0.00016449200000000002,4.181365975739947,0.0012335029628432845
RGI60-06.00093,2001,2020,0.08285000000000002,3.123445000000001e-05,3.9808120171407966,0.0015007661304620803
RGI60-06.00094,2001,2020,-0.11185,-0.0001344437,3.3406028273370105,0.004015404598459087
RGI60-06.00095,2001,2020,-0.11940000000000002,-1.0029600000000003e-05,5.292826251173028,0.0004445974050985344
RGI60-06.00096,2001,2020,-0.08645,-6.50104e-05,3.45962829145734,0.0026016404751759196
RGI60-06.00097,2001,2020,0.054799999999999995,9.151599999999999e-06,4.591729164381317,0.0007668187704516802
RGI60-06.00098,2001,2020,-0.40925,-0.00023818350000000003,3.5736616654624775,0.002079871089299162
RGI60-06.00099,2001,2020,-0.17275000000000001,-3.368625e-05,4.472512685921489,0.0008721399737546906
RGI60-06.00100,2001,2020,-0.3315,-0.000266526,3.4117892397129603,0.00274307854872922
RGI60-06.00101,2001,2020,-0.10364999999999998,-2.6223449999999994e-05,4.452686499088822,0.0011265296842694718
RGI60-06.00102,2001,2020,-0.42780000000000007,-0.00025111860000000003,3.8149459848525593,0.0022393732931084522
RGI60-06.00103,2001,2020,-0.06939999999999999,-1.34636e-05,4.165170551940928,0.0008080430870765401
RGI60-06.00104,2001,2020,-0.21430000000000002,-0.00032830760000000005,3.1786488540746136,0.004869690044442309
RGI60-06.00105,2001,2020,-0.3609,-0.0002641788,3.261288009730083,0.002387262823122421
RGI60-06.00106,2001,2020,-0.12625,-0.00011135250000000001,3.297856472923551,0.002908709409118572
RGI60-06.00107,2001,2020,-0.0703,-3.3251900000000006e-05,3.3983983893103433,0.0016074424381437925
RGI60-06.00108,2001,2020,0.2381999999999999,3.263339999999999e-05,4.6555379539765,0.0006378086996947805
RGI60-06.00109,2001,2020,0.09405000000000001,5.3796600000000006e-05,3.5958373346733614,0.002056818955433163
RGI60-06.00110,2001,2020,-0.036699999999999997,-3.93424e-05,3.5237710195289216,0.003777482532935004
RGI60-06.00111,2001,2020,-0.22819999999999996,-1.0040799999999999e-05,7.497868234436377,0.0003299062023152006
RGI60-06.00112,2001,2020,-0.19985,-0.0001458905,3.424473216339232,0.0024998654479276394
RGI60-06.00113,2001,2020,-0.2783,-0.0001998194,3.4027140934042883,0.002443148719064279
RGI60-06.00114,2001,2020,-0.06080000000000001,-7.113600000000001e-06,4.881608078170271,0.0005711481451459218
RGI60-06.00115,2001,2020,-0.15530000000000002,-4.301810000000001e-05,3.82641229962321,0.0010599162069956293
RGI60-06.00116,2001,2020,-0.03255,-1.3573350000000001e-05,3.7685272104621683,0.0015714758467627243
RGI60-06.00117,2001,2020,0.08644999999999999,2.1526049999999997e-05,4.077132898657797,0.0010152060917657914
RGI60-06.00118,2001,2020,-0.06844999999999998,-6.584889999999998e-05,3.3270192956350373,0.003200592562400906
RGI60-06.00119,2001,2020,-0.3509,-0.0005656508,3.1641446678164766,0.005100601204520161
RGI60-06.00120,2001,2020,0.019199999999999995,3.167999999999999e-06,4.345703564126258,0.0007170410880808326
RGI60-06.00121,2001,2020,-0.14730000000000001,-0.00010001670000000002,3.374798442426017,0.0022914881424072656
RGI60-06.00122,2001,2020,-0.23784999999999998,-5.51812e-05,4.283597058906716,0.0009937945176663582
RGI60-06.00123,2001,2020,-0.24564999999999998,-3.365405e-05,4.263704800896676,0.0005841275577228446
RGI60-06.00124,2001,2020,-0.19045000000000006,-1.3141050000000005e-05,6.828753235272956,0.000471183973233834
RGI60-06.00125,2001,2020,0.045450000000000004,3.5451000000000006e-06,5.197115162867179,0.00040537498270364
RGI60-06.00126,2001,2020,-0.0961,-1.5087700000000001e-05,4.621477097800766,0.0007255719043547203
RGI60-06.00127,2001,2020,0.3557,5.05094e-05,4.5937036148734265,0.0006523059133120265
RGI60-06.00128,2001,2020,-0.10179999999999997,-1.7102399999999994e-05,5.233597390757141,0.0008792443616471998
RGI60-06.00129,2001,2020,-0.1442,-7.38304e-05,3.5193924651344304,0.0018019289421488285
RGI60-06.00130,2001,2020,0.1495,7.93845e-05,3.4895182831196756,0.0018529342083365478
RGI60-06.00131,2001,2020,0.23045000000000004,2.8345350000000008e-05,4.6652018832516395,0.0005738198316399517
RGI60-06.00132,2001,2020,-0.4436,-7.3194e-05,4.717198317633506,0.0007783377224095285
RGI60-06.00133,2001,2020,0.023299999999999994,2.2531099999999995e-05,3.1502912144771367,0.003046331604399391
RGI60-06.00134,2001,2020,-0.006849999999999998,-1.5960499999999995e-06,3.762830095156018,0.0008767394121713522
RGI60-06.00135,2001,2020,-0.2507499999999999,-5.566649999999998e-05,4.673974850653357,0.0010376224168450454
RGI60-06.00136,2001,2020,0.1733,2.1315900000000004e-05,5.464196670353767,0.0006720961904535135
RGI60-06.00137,2001,2020,0.08549999999999999,0.00018510749999999998,2.874173977507149,0.006222586661302977
RGI60-06.00138,2001,2020,-0.038400000000000004,-1.1136000000000003e-05,3.969283245815327,0.0011510921412864448
RGI60-06.00139,2001,2020,-0.0278,-3.2526e-06,4.391934081348113,0.0005138562875177293
RGI60-06.00140,2001,2020,-0.205,-0.00023165000000000002,3.1474257328144635,0.003556591078080344
RGI60-06.00141,2001,2020,-0.22160000000000002,-0.00016819440000000004,3.3083574149961104,0.002511043277982048
RGI60-06.00142,2001,2020,-0.09865000000000002,-2.2590850000000004e-05,4.097943208298043,0.0009384289947002518
RGI60-06.00143,2001,2020,-0.10595000000000002,-2.4262550000000004e-05,3.7976818728424915,0.0008696691488809306
RGI60-06.00144,2001,2020,-0.3933,-6.09615e-05,4.643056497718948,0.000719673757146437
RGI60-06.00145,2001,2020,-0.33375000000000005,-1.7021250000000006e-05,5.430238931507635,0.0002769421855068894
RGI60-06.00146,2001,2020,-0.13010000000000002,-2.4328700000000006e-05,4.210113594400836,0.0007872912421529564
RGI60-06.00147,2001,2020,-0.23355,-0.00012798540000000003,3.5705795079967038,0.0019566775703821937
RGI60-06.00148,2001,2020,-0.05055,-7.835250000000001e-06,5.09700892146363,0.0007900363828268627
RGI60-06.00149,2001,2020,-0.30045,-3.8157150000000004e-05,4.561290624537423,0.0005792839093162528
RGI60-06.00150,2001,2020,-0.33599999999999997,-0.00012096,3.8119972799524833,0.0013723190207828942
RGI60-06.00151,2001,2020,-0.35295,-0.0002696538,3.3855017740029076,0.0025865233553382214
RGI60-06.00152,2001,2020,-0.5644000000000001,-2.878440000000001e-05,8.265871014119218,0.00042155942172008014
RGI60-06.00153,2001,2020,-0.36665,-2.9332e-05,6.311981442866137,0.000504958515429291
RGI60-06.00154,2001,2020,0.05,4.7e-06,4.849517227523725,0.00045585461938723015
RGI60-06.00155,2001,2020,-0.1072,-1.2220800000000002e-05,4.938001098869355,0.0005629321252711066
RGI60-06.00156,2001,2020,-0.70335,-0.00011745945000000002,4.331379617440843,0.0007233403961126208
RGI60-06.00157,2001,2020,-0.3855,-2.81415e-05,7.442756711520967,0.0005433212399410306
RGI60-06.00158,2001,2020,-0.52975,-6.462950000000002e-05,5.283155430792019,0.0006445449625566264
RGI60-06.00159,2001,2020,-0.45649999999999996,-9.403899999999999e-05,5.020350574180191,0.0010341922182811195
RGI60-06.00160,2001,2020,-0.623,-0.00013643700000000002,4.19639006389405,0.000919009423992797
RGI60-06.00161,2001,2020,-0.26,-3.744e-05,4.476460344194745,0.0006446102895640433
RGI60-06.00162,2001,2020,-0.02765000000000002,-3.6221500000000027e-06,4.5228248847977905,0.0005924900599085105
RGI60-06.00163,2001,2020,-0.22035,-2.7543750000000002e-05,5.7958565598887395,0.0007244820699860925
RGI60-06.00164,2001,2020,0.17225000000000001,1.6191500000000002e-05,5.978036835675706,0.0005619354625535164
RGI60-06.00165,2001,2020,-0.34845000000000004,-0.00015959010000000002,3.722198666871047,0.0017047669894269396
RGI60-06.00166,2001,2020,-0.017099999999999997,-5.8652999999999996e-06,3.5335060471573647,0.0012119925741749763
RGI60-06.00167,2001,2020,-0.32755000000000006,-0.00010940170000000003,4.039147987605307,0.0013490754278601726
RGI60-06.00168,2001,2020,-0.1494,-4.0636800000000004e-05,4.066585786662914,0.0011061113339723128
RGI60-06.00169,2001,2020,-0.1686,-8.1771e-05,3.4837536832879805,0.0016896205363946706
RGI60-06.00170,2001,2020,-0.1816,-2.8692800000000004e-05,4.525130713217635,0.0007149706526883864
RGI60-06.00171,2001,2020,-0.02480000000000001,-3.4472000000000015e-06,5.694680192284619,0.0007915605467275622
RGI60-06.00172,2001,2020,-0.2778,-4.55592e-05,4.014601611520044,0.0006583946642892873
RGI60-06.00173,2001,2020,-0.40895000000000004,-0.00031489150000000004,3.4034300490861007,0.0026206411377962978
RGI60-06.00174,2001,2020,-0.7708999999999999,-0.00014492919999999998,4.091797059347533,0.0007692578471573362
RGI60-06.00175,2001,2020,-0.876,-0.00024090000000000003,3.723452313261854,0.00102394938614701
RGI60-06.00176,2001,2020,-0.01215,-2.3206500000000004e-06,4.950116492622226,0.0009454722500908452
RGI60-06.00177,2001,2020,-0.30929999999999996,-0.0002864118,3.2972953863092065,0.003053295527722325
RGI60-06.00178,2001,2020,-0.12525,-8.141250000000001e-06,6.26260606888879,0.00040706939447777133
RGI60-06.00179,2001,2020,0.22670000000000004,2.9924400000000008e-05,4.716138784850649,0.0006225303196002857
RGI60-06.00180,2001,2020,-0.0832,-1.3561599999999999e-05,4.860810422458698,0.0007923120988607679
RGI60-06.00181,2001,2020,-0.03515,-3.83135e-06,4.893364004513094,0.0005333766764919273
RGI60-06.00182,2001,2020,-0.6445500000000001,-0.00013277730000000001,4.44051019691211,0.0009147451005638948
RGI60-06.00183,2001,2020,-0.26870000000000005,-6.583150000000002e-05,3.8935053236826276,0.0009539088043022438
RGI60-06.00184,2001,2020,-0.7314999999999999,-8.55855e-05,5.080773512911217,0.0005944505010106125
RGI60-06.00185,2001,2020,-0.41895000000000004,-2.5555950000000007e-05,7.211780153493756,0.00043991858936311915
RGI60-06.00186,2001,2020,-0.2492,-0.0003835188,3.1670921490887163,0.004874154817447535
RGI60-06.00187,2001,2020,-0.1791,-5.35509e-05,4.323370180059284,0.0012926876838377259
RGI60-06.00188,2001,2020,-0.18234999999999998,-4.358165e-05,4.069059670840953,0.0009725052613309877
RGI60-06.00189,2001,2020,-0.12010000000000001,-8.815340000000001e-05,3.3559959724538517,0.0024633010437811274
RGI60-06.00190,2001,2020,-0.1627,-8.086190000000002e-05,3.9109182052424694,0.0019437263480055074
RGI60-06.00191,2001,2020,-0.16555000000000003,-0.00014916055000000004,3.4070786887804587,0.0030697778985911937
RGI60-06.00192,2001,2020,-0.29565,-8.455590000000001e-05,4.119531564410285,0.0011781860274213416
RGI60-06.00193,2001,2020,-0.26554999999999995,-0.00030989684999999995,3.303414572152539,0.0038550848057020137
RGI60-06.00194,2001,2020,-0.40449999999999997,-0.00032076850000000004,3.470656209827278,0.002752230374393032
RGI60-06.00195,2001,2020,-0.079,-3.2627000000000005e-05,3.541972583896096,0.0014628346771490878
RGI60-06.00196,2001,2020,-0.21059999999999998,-4.88592e-05,3.9665686633727573,0.0009202439299024797
RGI60-06.00197,2001,2020,-0.3007,-0.0005695258,3.0127485824051443,0.005706145815075344
RGI60-06.00198,2001,2020,-0.7485000000000002,-0.0015681075000000004,2.9613868169868143,0.006204105381587376
RGI60-06.00199,2001,2020,-0.30374999999999996,-0.00016189874999999999,3.67281832932301,0.0019576121695291646
RGI60-06.00200,2001,2020,-0.08080000000000001,-1.7533600000000004e-05,3.6583991790819694,0.0007938726218607874
RGI60-06.00201,2001,2020,-0.0534,-2.8782600000000005e-05,3.3883452215630725,0.0018263180744224963
RGI60-06.00202,2001,2020,-0.0985,-0.0002428025,2.9323265542645442,0.007228184956262102
RGI60-06.00203,2001,2020,-0.17075,-0.00031571675,3.1015674296142746,0.005734798177356794
RGI60-06.00204,2001,2020,-0.25545,-4.34265e-05,4.467222656293396,0.0007594278515698773
RGI60-06.00205,2001,2020,-0.09164999999999998,-7.671105e-05,3.3867013624679956,0.0028346690403857127
RGI60-06.00206,2001,2020,-0.48265,-0.0006018645500000001,3.307571366656881,0.004124541494221131
RGI60-06.00207,2001,2020,-0.39309999999999995,-0.0005291126,3.064723570840008,0.004125117926350651
RGI60-06.00208,2001,2020,-0.28959999999999997,-0.0006895376,2.9615731549968745,0.007051505682047559
RGI60-06.00209,2001,2020,-0.35765,-7.439120000000001e-05,5.3283443283000045,0.001108295620286401
RGI60-06.00210,2001,2020,0.20395,3.10004e-05,4.414092481501614,0.0006709420571882454
RGI60-06.00211,2001,2020,-0.31485,-0.00046251465000000003,3.1406778289381143,0.00461365573071009
RGI60-06.00212,2001,2020,-0.3624,-0.0001601808,3.4808461588962443,0.00153853400223214
RGI60-06.00213,2001,2020,-0.27015,-0.00018019005,3.5573543006227424,0.0023727553185153693
RGI60-06.00214,2001,2020,-0.42925,-0.00040220725000000005,3.22489340968487,0.0030217251248747233
RGI60-06.00215,2001,2020,-0.18614999999999998,-0.00018596385,3.2012899524821763,0.0031980886625296943
RGI60-06.00216,2001,2020,-0.06815000000000002,-1.9082000000000005e-05,3.6589242350924636,0.0010244987858258898
RGI60-06.00217,2001,2020,-0.0651,-7.2912000000000014e-06,4.5388734480512145,0.000508353826181736
RGI60-06.00218,2001,2020,-0.22905000000000003,-2.0614500000000004e-05,5.344941335112793,0.00048104472016015137
RGI60-06.00219,2001,2020,-0.1748,-1.73052e-05,5.2552849703693925,0.0005202732120665698
RGI60-06.00220,2001,2020,-0.1633,-0.0010292799,2.65960207963125,0.01676347190791577
RGI60-06.00221,2001,2020,-0.63055,-0.0028614359000000006,2.7966388017447374,0.01269114688231762
RGI60-06.00222,2001,2020,-0.06985,-2.6333449999999998e-05,3.534213421204619,0.0013323984597941414
RGI60-06.00223,2001,2020,0.11565000000000003,1.7116200000000004e-05,4.743412065750043,0.0007020249857310065
RGI60-06.00224,2001,2020,-0.07199999999999998,-4.161599999999999e-05,3.2643839968844057,0.0018868139501991867
RGI60-06.00225,2001,2020,-0.008299999999999997,-5.436499999999999e-06,3.47148367856578,0.002273821809460586
RGI60-06.00226,2001,2020,-0.1496,-1.6904800000000005e-05,4.227035023884069,0.00047765495769889983
RGI60-06.00227,2001,2020,-0.67065,-9.858554999999999e-05,3.7285330517961652,0.0005480943586140363
RGI60-06.00228,2001,2020,-0.66825,-0.018010005750000002,1.9815272714132877,0.05340414149185952
RGI60-06.00229,2001,2020,-0.5378499999999999,-0.00450234235,2.343212726054581,0.0196150337298029
RGI60-06.00230,2001,2020,-0.5812,-0.0009804844000000001,2.879405691679665,0.004857557401863595
RGI60-06.00231,2001,2020,-0.48629999999999995,-0.0008174702999999999,2.8831941748819467,0.004846649407976553
RGI60-06.00232,2001,2020,-1.0921,-0.1107738872,1.5190871637240502,0.15408404919085786
RGI60-06.00233,2001,2020,-0.6549,-0.050628354300000004,1.5913060124191507,0.12301909390208729
RGI60-06.00234,2001,2020,-1.0112999999999999,-0.26752525679999994,1.2508083298854231,0.3308838323545703
RGI60-06.00235,2001,2020,-0.67755,-0.0701657229,1.6008678852043878,0.165782676455996
RGI60-06.00236,2001,2020,-0.68245,-0.0464816695,1.7072364818757007,0.11627987678055397
RGI60-06.00237,2001,2020,-1.1419000000000001,-0.08879186020000002,1.5586167364651033,0.12119492019405351
RGI60-06.00238,2001,2020,-0.73955,-0.11671430190000001,1.4806727189603246,0.23367680716088052
RGI60-06.00239,2001,2020,-0.53365,-7.204275000000001e-05,4.861365782715598,0.0006562843806666058
RGI60-06.00240,2001,2020,-0.8576499999999999,-0.005681931249999999,2.568206885772118,0.017014370618240283
RGI60-06.00241,2001,2020,-0.87955,-0.003939504450000001,2.697095296530205,0.012080289833158788
RGI60-06.00242,2001,2020,-1.0416500000000002,-0.004689508300000001,2.6805675314370263,0.012067915026529494
RGI60-06.00243,2001,2020,-1.51725,-0.004456163250000001,2.832152956748195,0.00831803323396945
RGI60-06.00244,2001,2020,-1.1168,-0.0031169888,2.8229584839492827,0.007878877128702447
RGI60-06.00245,2001,2020,-0.72425,-0.0019569235,2.8840426647833053,0.007792683280244492
RGI60-06.00246,2001,2020,-0.9709999999999999,-0.0019653039999999997,2.913434612588605,0.005896791655879337
RGI60-06.00247,2001,2020,-1.39935,-0.0032241024000000005,2.951097865519489,0.006799329482156903
RGI60-06.00248,2001,2020,-0.87585,-0.0008959945500000001,3.156150143638229,0.0032287415969419085
RGI60-06.00249,2001,2020,-1.2408,-0.00015634079999999999,3.6987050148030933,0.0004660368318651898
RGI60-06.00250,2001,2020,-0.3277,-3.30977e-05,4.981864792592451,0.0005031683440518376
RGI60-06.00251,2001,2020,-0.24434999999999998,-4.64265e-05,3.668923263811133,0.0006970954201241152
RGI60-06.00252,2001,2020,-0.6495,-0.002194011,2.884673176695693,0.009744425990878052
RGI60-06.00253,2001,2020,-0.09339999999999997,-3.577219999999999e-05,3.460305404750515,0.0013252969700194473
RGI60-06.00254,2001,2020,-0.30905,-0.00014123585000000002,3.442685104593121,0.0015733070927990563
RGI60-06.00255,2001,2020,0.14284999999999998,1.28565e-05,4.426807088331092,0.0003984126379497983
RGI60-06.00256,2001,2020,-0.51305,-0.00025293365,3.5459917314954197,0.0017481739236272422
RGI60-06.00257,2001,2020,-0.49474999999999997,-0.000261228,3.5037281254633705,0.0018499684502446597
RGI60-06.00258,2001,2020,-0.4245,-0.0001057005,4.114174313043687,0.0010244294039478783
RGI60-06.00259,2001,2020,-0.16099999999999998,-1.61e-05,4.242830195440554,0.0004242830195440554
RGI60-06.00260,2001,2020,-0.10729999999999999,-9.3351e-06,5.481142543832831,0.00047685940131345637
RGI60-06.00261,2001,2020,-0.91715,-0.0015316405,2.994338758789857,0.005000545727179062
RGI60-06.00262,2001,2020,0.15150000000000002,9.241500000000003e-06,4.745469610914708,0.0002894736462657972
RGI60-06.00263,2001,2020,-0.9039499999999998,-0.00011570559999999998,4.425756746667643,0.0005664968635734583
RGI60-06.00264,2001,2020,-0.23275,-2.0249250000000003e-05,5.780915822645769,0.0005029396765701819
RGI60-06.00265,2001,2020,-0.07669999999999996,-6.902999999999996e-06,4.3776567981204115,0.00039398911183083704
RGI60-06.00266,2001,2020,-0.5112,-0.0004559904,3.530609126561713,0.0031493033408930486
RGI60-06.00267,2001,2020,-0.1935,-4.85685e-05,3.4633962661437905,0.0008693124628020915
RGI60-06.00268,2001,2020,-0.3681,-0.00013325219999999998,3.5573682442635564,0.0012877673044234075
RGI60-06.00269,2001,2020,-0.037,-1.5947e-05,3.3657775945682173,0.0014506501432589019
RGI60-06.00270,2001,2020,-0.39649999999999996,-0.0014543619999999998,2.8294742738237266,0.01037851163638543
RGI60-06.00271,2001,2020,-0.39575,-0.00027900375000000004,3.48750905032339,0.00245869388047799
RGI60-06.00272,2001,2020,-0.27565,-0.0001372737,3.7106977730252964,0.0018479274909665977
RGI60-06.00273,2001,2020,-0.28029999999999994,-0.00013538489999999999,3.761056198796541,0.0018165901440187293
RGI60-06.00274,2001,2020,-0.08445000000000003,-1.0809600000000004e-05,4.711618510617139,0.0006030871693589939
RGI60-06.00275,2001,2020,-0.43,-0.0005430900000000001,3.126755563765495,0.003949092277035821
RGI60-06.00276,2001,2020,-0.59505,-0.00290919945,2.749665820687036,0.01344311619733892
RGI60-06.00277,2001,2020,-0.31335,-0.0015241344000000003,2.7163346862751925,0.013212251914042537
RGI60-06.00278,2001,2020,-0.40425000000000005,-0.0011472615000000003,2.9298662119876187,0.008314960309620862
RGI60-06.00279,2001,2020,-0.7232000000000001,-0.0004397056000000001,3.3415331155002788,0.0020316521342241697
RGI60-06.00280,2001,2020,-0.1072,-3.89136e-05,3.954004986665363,0.0014353038101595269
RGI60-06.00281,2001,2020,-0.7615,-0.0007622615,3.2750175438248603,0.0032782925613686854
RGI60-06.00282,2001,2020,-0.25320000000000004,-1.4179200000000003e-05,7.725311172778871,0.0004326174256756168
RGI60-06.00283,2001,2020,-0.529,-0.0014944250000000002,2.950328606416688,0.008334678313127144
RGI60-06.00284,2001,2020,-0.45945,-0.004400612100000001,2.264291212808181,0.021687381236276757
RGI60-06.00285,2001,2020,-0.6449,-0.0048960808,2.3517001863991482,0.017854107815142333
RGI60-06.00286,2001,2020,-0.5788,-0.0042964323999999995,2.363104526767751,0.017541324902197016
RGI60-06.00287,2001,2020,-0.2446,-0.000618838,2.733215004138374,0.006915033960470086
RGI60-06.00288,2001,2020,-0.51305,-0.00094144675,2.8272437307546716,0.005187992245934823
RGI60-06.00289,2001,2020,-0.396,-0.000270468,3.0396284203991284,0.0020760662111326046
RGI60-06.00290,2001,2020,-0.5892000000000001,-0.0051826032,2.290001538674807,0.020142853534183602
RGI60-06.00291,2001,2020,-1.7937,-0.22695506730000004,1.5278718343253632,0.1933200953253539
RGI60-06.00292,2001,2020,-1.0866500000000001,-0.030472925950000004,2.035692918368474,0.057086936509807125
RGI60-06.00293,2001,2020,-1.2601499999999999,-0.0235219599,2.2323003754769415,0.041668118808652586
RGI60-06.00294,2001,2020,-1.2357,-0.022378527000000002,2.270283407234778,0.04111483250502183
RGI60-06.00295,2001,2020,-0.49350000000000005,-0.0038937150000000007,2.5721072808124044,0.020293926445609872
RGI60-06.00296,2001,2020,-0.6210500000000001,-0.004095824750000001,2.657102868642794,0.01752359341869923
RGI60-06.00297,2001,2020,-0.5844,-0.0008269260000000001,3.0459536748579628,0.004310024449924017
RGI60-06.00298,2001,2020,-0.9391,-0.0009315872000000002,3.14072130991589,0.003115595539436563
RGI60-06.00299,2001,2020,-0.49060000000000004,-0.00014619880000000003,3.344677994126242,0.0009967140422496204
RGI60-06.00300,2001,2020,-0.221,-3.9559000000000005e-05,3.563069574906623,0.0006377894539082856
RGI60-06.00301,2001,2020,-0.9425500000000001,-0.05060079675000001,1.9023274490781183,0.10212644910375879
RGI60-06.00302,2001,2020,-1.1958499999999999,-0.11376958144999999,1.6993239798686648,0.16166858547276516
RGI60-06.00303,2001,2020,-1.3118500000000002,-0.15108051710000003,1.6213291859510863,0.18672199702924283
RGI60-06.00304,2001,2020,-1.7669000000000001,-0.040493814200000006,2.1612133170913803,0.04953068680110026
RGI60-06.00305,2001,2020,-0.9062000000000001,-0.07057666840000001,1.7631339260349186,0.13731639642745153
RGI60-06.00306,2001,2020,-0.71235,-0.006730995150000001,2.522686955326619,0.023836869040881222
RGI60-06.00307,2001,2020,-0.6028999999999999,-0.0017646882999999996,2.945877436159699,0.00862258325563944
RGI60-06.00308,2001,2020,-0.7074499999999999,-0.0016773639499999997,2.9241739403524885,0.00693321641257575
RGI60-06.00309,2001,2020,-1.2335999999999998,-0.1618150128,1.554670218079293,0.2039307565161151
RGI60-06.00310,2001,2020,-1.0051,-0.15784592950000004,1.5789854374645635,0.2479717680266224
RGI60-06.00311,2001,2020,-1.3568500000000001,-0.05602026595000001,1.8864377062877182,0.07788535357950102
RGI60-06.00312,2001,2020,-0.27785000000000004,-4.9735150000000015e-05,3.881364995285755,0.0006947643341561503
RGI60-06.00313,2001,2020,-0.6508499999999999,-0.0102378705,2.053750468484467,0.03230549486926067
RGI60-06.00314,2001,2020,-0.8398999999999999,-0.0032604917999999997,2.6286830536249544,0.010204547614172074
RGI60-06.00315,2001,2020,-1.0068000000000001,-0.0016461180000000002,2.823050467810348,0.0046156875148699195
RGI60-06.00316,2001,2020,-0.28135,-0.00030610880000000003,2.954961170194907,0.003214997753172059
RGI60-06.00317,2001,2020,-0.89645,-0.007029064450000001,2.5181029750044694,0.019744445427010045
RGI60-06.00318,2001,2020,-1.1497,-0.0034284054,2.7132423628844067,0.008090888726121301
RGI60-06.00319,2001,2020,-0.6273500000000001,-0.0047264549000000005,2.3406914295611503,0.017634769230313707
RGI60-06.00320,2001,2020,-0.8972499999999999,-0.005360171499999999,2.4245479001175227,0.014484249155302081
RGI60-06.00321,2001,2020,-0.34199999999999997,-0.0014531579999999998,2.5469945019097926,0.01082217963861471
RGI60-06.00322,2001,2020,-0.6908,-0.0023632268,2.624912580758879,0.008979825938776125
RGI60-06.00323,2001,2020,-0.18565,-0.0006338091,2.6849694779580626,0.009166485797748827
RGI60-06.00324,2001,2020,-0.7068,-0.0032774316,2.5297909357994683,0.011730640569302135
RGI60-06.00325,2001,2020,-0.20065000000000005,-0.0013062315000000003,2.4073600972806966,0.015671914233297335
RGI60-06.00326,2001,2020,-0.7504000000000001,-0.0081711056,2.2003884357273678,0.023960029676635308
RGI60-06.00327,2001,2020,0.0018000000000000127,3.1680000000000225e-07,4.8721762252344405,0.0008575030156412615
RGI60-06.00328,2001,2020,-1.22255,-0.1772966461,1.385461574146029,0.2009224084058054
RGI60-06.00329,2001,2020,-1.58565,-0.028643181600000005,1.996052765882924,0.036056697162909136
RGI60-06.00330,2001,2020,-1.26435,-0.0090148155,2.3681480843229727,0.016884895841222797
RGI60-06.00331,2001,2020,-0.9952,-0.004632656000000001,2.53298868684433,0.011791062337260357
RGI60-06.00332,2001,2020,-1.33555,-0.005115156500000001,2.6070534285406457,0.009985014631310674
RGI60-06.00333,2001,2020,-0.6504,-0.0011284440000000001,2.852558479441534,0.004949188961831062
RGI60-06.00334,2001,2020,-0.584,-0.0009472479999999999,2.853939888698984,0.004629090499469753
RGI60-06.00335,2001,2020,-1.35465,-0.004036857,2.6518969565558645,0.007902652930536476
RGI60-06.00336,2001,2020,-1.8658000000000001,-0.20815237960000005,1.4319499361972035,0.15975119878203242
RGI60-06.00337,2001,2020,-0.789,-0.002158704,2.7227079361843467,0.0074493289134003726
RGI60-06.00338,2001,2020,-1.6291500000000003,-0.002862416550000001,2.7909144131183465,0.004903636623848935
RGI60-06.00339,2001,2020,-1.5025,-0.1596000575,1.4477116918569968,0.15378027904412578
RGI60-06.00340,2001,2020,-1.00035,-0.055114283250000014,1.6375123539987417,0.09021874314356068
RGI60-06.00341,2001,2020,-1.29365,-0.05588438635,1.7264199574101269,0.07457961574016009
RGI60-06.00342,2001,2020,-1.18485,-0.026223100200000002,1.9299873765979079,0.042714480618864896
RGI60-06.00343,2001,2020,-0.9763,-0.017642717300000003,2.0061513170719096,0.036253160450806475
RGI60-06.00344,2001,2020,-0.7361500000000001,-0.009138566100000002,2.136672539446523,0.02652465290468914
RGI60-06.00345,2001,2020,-0.5429,-0.0050723147,2.262374733887841,0.0211373671387141
RGI60-06.00346,2001,2020,-0.87945,-0.00761515755,2.295917391275457,0.019880348691054185
RGI60-06.00347,2001,2020,-1.39155,-0.0283681383,1.9761394426506391,0.04028557867787593
RGI60-06.00348,2001,2020,0.20834999999999998,2.3960249999999998e-05,5.816143443743284,0.0006688564960304778
RGI60-06.00349,2001,2020,-1.2889,-0.006231831500000001,2.5148422506071504,0.012159262281685573
RGI60-06.00350,2001,2020,-0.7434499999999999,-0.0017277777999999998,2.7417077017194993,0.0063717286987961174
RGI60-06.00351,2001,2020,-0.9432500000000001,-0.0009809800000000002,3.018665162107166,0.0031394117685914526
RGI60-06.00352,2001,2020,-0.6821,-0.0008301157000000001,2.9299940473271997,0.0035658027555972023
RGI60-06.00353,2001,2020,-0.10080000000000003,-9.475200000000004e-06,3.9098718438542917,0.00036752795332230346
RGI60-06.00354,2001,2020,-0.49060000000000004,-0.0004979590000000001,3.0372709206380315,0.0030828299844476025
RGI60-06.00355,2001,2020,-0.8442500000000001,-0.00046687025000000007,3.0667524728400695,0.0016959141174805585
RGI60-06.00356,2001,2020,-0.8318,-0.0005165478000000001,3.176007621234953,0.001972300732786906
RGI60-06.00357,2001,2020,0.1381,8.286e-06,4.794598158940581,0.0002876758895364349
RGI60-06.00358,2001,2020,-0.16999999999999998,-1.819e-05,4.954022962361155,0.0005300804569726437
RGI60-06.00359,2001,2020,-0.92845,-0.00258387635,2.7089345700437235,0.007538964908431684
RGI60-06.00360,2001,2020,-0.41515,-7.597245e-05,3.7244625504465008,0.0006815766467317097
RGI60-06.00361,2001,2020,-0.6627,-4.97025e-05,6.328980996766638,0.00047467357475749783
RGI60-06.00362,2001,2020,-1.2125,-0.00166355,2.8872112062119015,0.003961253774922729
RGI60-06.00363,2001,2020,-1.7212,-0.00039931840000000004,3.544452148716038,0.0008223128985021208
RGI60-06.00364,2001,2020,-1.2178,-0.0007501648,3.3095413390280406,0.002038677464841273
RGI60-06.00365,2001,2020,-1.59255,-0.008954908650000001,2.5449597467106915,0.014310308655754219
RGI60-06.00366,2001,2020,-1.6688499999999997,-0.0020393346999999997,2.9547797699852723,0.003610740878922003
RGI60-06.00367,2001,2020,-0.5439,-4.4599800000000006e-05,4.3332106261498575,0.00035532327134428835
RGI60-06.00368,2001,2020,-0.56965,-0.0002688748,3.1538898058053166,0.0014886359883401095
RGI60-06.00369,2001,2020,-1.53845,-0.005464574400000001,2.650585398099356,0.009414879334048915
RGI60-06.00370,2001,2020,-0.1038,-1.0587600000000002e-05,4.608467612984515,0.00047006369652442055
RGI60-06.00371,2001,2020,-0.2891,-2.6886300000000004e-05,4.906682297755351,0.00045632145369124764
RGI60-06.00372,2001,2020,-0.19669999999999996,-7.74998e-05,4.0432900965508,0.0015930562980410153
RGI60-06.00373,2001,2020,0.2976,5.62464e-05,4.124870815102185,0.000779600584054313
RGI60-06.00374,2001,2020,0.13720000000000004,4.2257600000000014e-05,3.5991622996252097,0.0011085419882845646
RGI60-06.00375,2001,2020,-0.47204999999999997,-0.00017135415,4.127388002048953,0.00149824184474377
RGI60-06.00376,2001,2020,0.35490000000000005,3.868410000000001e-05,6.599855564347921,0.0007193842565139235
RGI60-06.00377,2001,2020,-0.6964,-0.9949633936000001,0.8935206256771886,1.2765943624000158
RGI60-06.00378,2001,2020,-0.3078,-0.00025178040000000003,3.2076446460171746,0.002623853320442049
RGI60-06.00379,2001,2020,-0.5976000000000001,-0.0003746952000000001,3.535962764358947,0.00221704865325306
RGI60-06.00380,2001,2020,0.18275000000000002,0.00013139725000000003,3.217730181534641,0.002313548000523407
RGI60-06.00381,2001,2020,0.31179999999999997,2.0266999999999998e-05,5.466112823368527,0.00035529733351895423
RGI60-06.00382,2001,2020,-0.09759999999999999,-3.9430399999999994e-05,3.569460995862422,0.0014420622423284186
RGI60-06.00383,2001,2020,0.33094999999999997,0.00015455365000000001,3.4265901881720753,0.0016002176178763594
RGI60-06.00384,2001,2020,-0.26055,-0.00013131720000000003,3.8385988220358582,0.0019346538063060726
RGI60-06.00385,2001,2020,-0.13065000000000002,-7.146555e-05,3.376868049896941,0.0018471468232936267
RGI60-06.00386,2001,2020,-0.3718,-3.42056e-05,4.374605265136074,0.00040246368439251877
RGI60-06.00387,2001,2020,1.59055,0.0002767557,4.365068762627102,0.0007595219646971158
RGI60-06.00388,2001,2020,-0.16505,-0.00010744755000000001,3.333248720398771,0.0021699449169796
RGI60-06.00389,2001,2020,-0.04845000000000001,-2.2044750000000006e-05,3.4025478440601744,0.0015481592690473793
RGI60-06.00390,2001,2020,0.0836,1.60512e-05,4.373550290487842,0.0008397216557736657
RGI60-06.00391,2001,2020,0.18780000000000002,2.6667600000000005e-05,4.237161809204129,0.0006016769769069864
RGI60-06.00392,2001,2020,-0.18595,-8.386345e-05,4.118195806909896,0.0018573063089163634
RGI60-06.00393,2001,2020,0.20270000000000002,7.175580000000001e-05,3.8212279757334584,0.0013527147034096444
RGI60-06.00394,2001,2020,0.36329999999999996,9.227819999999999e-05,3.9187225670900623,0.0009953555320408758
RGI60-06.00395,2001,2020,-0.5637000000000001,-0.00016741890000000002,3.804219582809888,0.0011298532160945367
RGI60-06.00396,2001,2020,0.006900000000000001,1.8768000000000004e-06,3.7850763853082166,0.001029540776803835
RGI60-06.00397,2001,2020,-0.15165,-3.821580000000001e-05,3.6984529265236064,0.0009320101374839489
RGI60-06.00398,2001,2020,0.34895,6.246205e-05,4.476060835014921,0.0008012148894676708
RGI60-06.00399,2001,2020,-0.28884999999999994,-6.961285e-05,4.13170302391554,0.0009957404287636452
RGI60-06.00400,2001,2020,0.15704999999999997,2.0887649999999996e-05,4.258788616273565,0.0005664188859643841
RGI60-06.00401,2001,2020,-0.25865000000000005,-2.5865000000000004e-05,6.703244470488093,0.0006703244470488093
RGI60-06.00402,2001,2020,-0.27845,-3.84261e-05,4.243741428768461,0.0005856363171700476
RGI60-06.00403,2001,2020,-0.6239000000000001,-0.0005103502000000002,3.315139040409563,0.0027117837350550227
RGI60-06.00404,2001,2020,-0.08864999999999998,-1.4183999999999997e-05,3.588822781019578,0.0005742116449631325
RGI60-06.00405,2001,2020,0.03995000000000002,2.4769000000000016e-06,4.7092339540409425,0.00029197250515053847
RGI60-06.00406,2001,2020,-0.25705,-0.00111019895,2.6890142106027026,0.011613852375593073
RGI60-06.00407,2001,2020,-0.71075,-0.045110591750000005,1.797768417313124,0.11410256367844668
RGI60-06.00408,2001,2020,-0.9449499999999998,-0.028903185649999996,2.075975455891188,0.06349786126934377
RGI60-06.00409,2001,2020,-0.07715000000000001,-0.0020136150000000003,1.9054879438780852,0.04973323533521802
RGI60-06.00410,2001,2020,-0.2649,-0.007620378300000001,1.8627921466064818,0.05358694168142867
RGI60-06.00411,2001,2020,-0.8833499999999999,-0.01963775385,2.1660105108663728,0.04815257966707033
RGI60-06.00412,2001,2020,-0.9656499999999999,-0.0288748663,2.0372707536600236,0.060918470075942026
RGI60-06.00413,2001,2020,-0.6955500000000001,-0.008711068200000002,2.342311257093818,0.02933510618384298
RGI60-06.00414,2001,2020,-0.6568499999999999,-0.0057789663000000005,2.532536614501929,0.02228125713438797
RGI60-06.00415,2001,2020,-0.31020000000000003,-0.0027772206,2.282491399600956,0.02043514550062736
RGI60-06.00416,2001,2020,-1.21425,-0.9195612390000001,0.906399031465482,0.6864232377210613
RGI60-06.00417,2001,2020,-0.05029999999999999,-4.828799999999999e-06,4.38160220894091,0.0004206338120583274
RGI60-06.00418,2001,2020,-0.8233500000000001,-0.005809557600000001,2.5255267900507787,0.017820117030598295
RGI60-06.00419,2001,2020,-0.050050000000000004,-5.9059000000000005e-06,4.2466874183704375,0.0005011091153677117
RGI60-06.00420,2001,2020,0.036449999999999996,9.258299999999999e-06,3.5820594491625437,0.0009098431000872861
RGI60-06.00421,2001,2020,-0.47620000000000007,-0.0024052862000000005,2.7332866729967273,0.01380583098530647
RGI60-06.00422,2001,2020,-0.29945000000000005,-0.0018122714000000004,2.63066445212535,0.01592078126426262
RGI60-06.00423,2001,2020,-0.41655,-0.00230893665,2.6636347171870924,0.014764527237368054
RGI60-06.00424,2001,2020,-0.7966,-0.2544842258,1.177943279200371,0.37630929380318817
RGI60-06.00425,2001,2020,-0.25615,-0.00182353185,2.6787180459643998,0.01906979376922056
RGI60-06.00426,2001,2020,-0.09694999999999998,-6.6895499999999985e-06,4.803504735359256,0.00033144182673978874
RGI60-06.00427,2001,2020,-0.17244999999999996,-0.0008477641999999999,2.731344479757425,0.013427289462487502
RGI60-06.00428,2001,2020,-0.34595000000000004,-0.0015564290500000002,2.837132178745557,0.012764257672176262
RGI60-06.00429,2001,2020,-0.36829999999999996,-0.0022635718,2.700778864770202,0.01659898690287766
RGI60-06.00430,2001,2020,-1.01355,-0.0034845849,2.788404091452478,0.00958653326641362
RGI60-06.00431,2001,2020,-0.25545,-0.0010777435500000001,2.7606035444281254,0.01164698635394226
RGI60-06.00432,2001,2020,-0.1545,-3.2754000000000005e-05,4.457677587561111,0.0009450276485629556
RGI60-06.00433,2001,2020,-0.67395,-0.00028575480000000004,3.809234395974684,0.0016151153838932662
RGI60-06.00434,2001,2020,-0.16785,-0.00029491245000000003,3.2067477911395246,0.005634255869032145
RGI60-06.00435,2001,2020,-0.24555000000000007,-0.0009085350000000002,2.7785969715702636,0.010280808794809975
RGI60-06.00436,2001,2020,-0.7855500000000001,-0.0016590816000000002,2.9175787932900272,0.006161926411428538
RGI60-06.00437,2001,2020,-0.6307999999999999,-0.0012754776,2.8355693636336015,0.005733521253267143
RGI60-06.00438,2001,2020,-0.6611,-0.00014544200000000002,4.299394221497409,0.0009458667287294301
RGI60-06.00439,2001,2020,-0.4032,-0.0011809728,2.9295298107353953,0.008580592815643974
RGI60-06.00440,2001,2020,-0.09795000000000001,-0.00024536475000000007,2.803365982553843,0.007022431786297378
RGI60-06.00441,2001,2020,-0.7763499999999999,-0.0014222731999999998,3.0043736938571257,0.005504012607146255
RGI60-06.00442,2001,2020,-0.8226000000000001,-0.0013153374000000003,3.0278989720384972,0.004841610456289557
RGI60-06.00443,2001,2020,-2.0713,-0.5614652197,1.2278141515882346,0.3328223542568712
RGI60-06.00444,2001,2020,-0.26464999999999994,-0.00046604864999999994,3.0951023010051903,0.005450475152070141
RGI60-06.00445,2001,2020,-0.6432,-0.010763308800000001,2.3538219093362565,0.03938885583083292
RGI60-06.00446,2001,2020,0.013749999999999998,2.8049999999999997e-05,2.8221922708129297,0.005757272232458377
RGI60-06.00447,2001,2020,-0.2979,-0.0005383053000000001,3.022808252743867,0.0054622145127081675
RGI60-06.00448,2001,2020,-0.7554500000000001,-0.0013144830000000002,3.0124578024715043,0.005241676576300418
RGI60-06.00449,2001,2020,-0.17525000000000002,-1.1917000000000003e-05,5.126401733403477,0.00034859531787143647
RGI60-06.00450,2001,2020,-0.06915000000000002,-0.00011029425000000004,3.1392625586532885,0.005007123781051995
RGI60-06.00451,2001,2020,-0.77545,-0.00094837535,3.1274491432415847,0.0038248703021844586
RGI60-06.00452,2001,2020,0.018099999999999995,4.289699999999999e-06,3.6723945552401505,0.0008703575095919157
RGI60-06.00453,2001,2020,-0.384,-0.001728768,2.864735481835445,0.012897039139223174
RGI60-06.00454,2001,2020,0.0823,9.11061e-05,3.03519355888321,0.0033599592696837138
RGI60-06.00455,2001,2020,-0.49665,-0.0005135361,3.2148296486868224,0.0033241338567421745
RGI60-06.00456,2001,2020,-0.24695,-0.0001689138,3.2410586497954545,0.0022168841164600913
RGI60-06.00457,2001,2020,-0.2384,-0.0001993024,3.125497397434878,0.0026129158242555583
RGI60-06.00458,2001,2020,-0.2694,-0.0001901964,3.222198184652626,0.002274871918364754
RGI60-06.00459,2001,2020,-0.3989,-2.27373e-05,4.812878875807315,0.00027433409592101694
RGI60-06.00460,2001,2020,-0.19390000000000002,-0.0001906037,3.2031351708314566,0.0031486818729273224
RGI60-06.00461,2001,2020,0.17865,0.00014452785000000003,3.1185934273433404,0.0025229420827207628
RGI60-06.00462,2001,2020,-0.761,-0.000662831,3.13904603578949,0.002734109097172646
RGI60-06.00463,2001,2020,0.1668,1.68468e-05,5.0916660053257425,0.0005142582665379
RGI60-06.00464,2001,2020,-4.345699999999999,-0.0007648431999999999,3.3752531988460794,0.00059404456299691
RGI60-06.00465,2001,2020,-0.73615,-0.15626035205,1.4901602705768533,0.31631185015453694
RGI60-06.00466,2001,2020,-0.68895,-0.1653824475,1.4837598300557162,0.35617654720487474
RGI60-06.00467,2001,2020,0.3348,0.0001905012,3.38838991638911,0.0019279938624254037
RGI60-06.00468,2001,2020,-0.3934,-0.0039041016000000003,2.3926637561338024,0.023744795115871856
RGI60-06.00469,2001,2020,-0.06285,-4.946295000000001e-05,3.3225250812163103,0.0026148272389172364
RGI60-06.00470,2001,2020,-0.8642999999999998,-0.03327209279999999,2.0311541251344103,0.07819130920117426
RGI60-06.00471,2001,2020,-1.3655,-0.127354723,1.7044901913942858,0.15897098219057948
RGI60-06.00472,2001,2020,-0.63535,-0.08236613864999999,1.6787257269898432,0.21762832452123632
RGI60-06.00473,2001,2020,-1.19545,-0.2168737572,1.3239362291953438,0.2401832149557025
RGI60-06.00474,2001,2020,-0.6394,-0.0206072226,2.050604654720853,0.06608893741699838
RGI60-06.00475,2001,2020,-0.8479000000000001,-1.3237567422,0.6564754421051132,1.0249012767724608
RGI60-06.00476,2001,2020,-0.362,-0.009322948000000001,2.1120600342819795,0.0543939941228981
RGI60-06.00477,2001,2020,-0.7002499999999999,-0.7427124597499999,0.7768213092964231,0.823926976670849
RGI60-06.00478,2001,2020,-0.6245499999999999,-0.08559894935,1.5930579457061937,0.2183397428646538
RGI60-06.00479,2001,2020,-0.9636000000000001,-0.08718845520000003,1.596053521345315,0.14441411471836682
RGI60-06.00480,2001,2020,-0.186,-0.001952256,2.245192732579862,0.023565542921158235
RGI60-06.00481,2001,2020,-0.73655,-0.022422055100000005,1.8851622427894934,0.05738810899499776
RGI60-06.00482,2001,2020,0.12594999999999998,0.0001607122,2.998333493078857,0.0038258735371686217
RGI60-06.00483,2001,2020,-1.1641,-1.2429619545000001,0.9628875020888878,1.0281183159178997
RGI60-06.00484,2001,2020,-0.05605000000000001,-4.242985000000001e-05,3.714838895633018,0.0028121330439941947
RGI60-06.00485,2001,2020,0.393,3.7335e-05,5.447439730194354,0.0005175067743684636
RGI60-06.00486,2001,2020,-0.041100000000000005,-3.3702000000000004e-06,5.580977800397079,0.0004576401796325605
RGI60-06.00487,2001,2020,-0.5613,-0.0015115809000000003,3.0637713215928932,0.008250736169049661
RGI60-06.00488,2001,2020,-0.05655000000000001,-3.958500000000001e-06,5.099409786371076,0.00035695868504597534
RGI60-06.00489,2001,2020,-0.417,-6.0048000000000005e-05,5.291663428884998,0.0007619995337594397
RGI60-06.00490,2001,2020,0.13479999999999998,1.2805999999999999e-05,5.680832837401976,0.0005396791195531878
RGI60-06.00491,2001,2020,-0.10454999999999999,-2.84376e-05,3.950446362081748,0.0010745214104862357
RGI60-06.00492,2001,2020,-0.56905,-0.0002674535,3.6429939176808745,0.001712207141310011
RGI60-06.00493,2001,2020,-0.32265,-1.74231e-05,6.569114119819862,0.0003547321624702726
RGI60-06.00494,2001,2020,0.19165,1.360715e-05,6.0967830266431715,0.00043287159489166515
RGI60-06.00495,2001,2020,-0.118,-1.5576e-05,7.606203498412266,0.0010040188617904192
RGI60-06.00496,2001,2020,0.00990000000000001,1.1286000000000011e-06,4.8710888485312545,0.0005553041287325631
RGI60-06.00497,2001,2020,-0.49099999999999994,-0.00028821699999999995,3.3649063735042395,0.0019752000412469888
RGI60-06.00498,2001,2020,-0.25660000000000005,-0.00011547000000000003,3.9819226302282758,0.001791865183602724
RGI60-06.00499,2001,2020,0.008700000000000003,3.3582000000000016e-06,3.9751567783606445,0.001534410516447209
RGI60-06.00500,2001,2020,-0.3044,-8.00572e-05,4.263331984976425,0.0011212563120488
RGI60-06.00501,2001,2020,1.0901,0.00010573970000000002,6.818114217872004,0.0006613570791335845
RGI60-06.00502,2001,2020,0.06975,4.11525e-06,15.123985024902987,0.0008923151164692764
RGI60-06.00503,2001,2020,0.09,2.1870000000000002e-05,4.492488756903016,0.001091674767927433
RGI60-06.00504,2001,2020,-0.29864999999999997,-0.0001899414,3.420771379859011,0.002175610597590331
RGI60-06.00505,2001,2020,-0.32049999999999995,-6.954849999999999e-05,4.412670442700666,0.0009575494860660444
RGI60-06.00506,2001,2020,0.07069999999999996,7.494199999999996e-06,4.6649155088800125,0.0004944810439412813
RGI60-06.00507,2001,2020,-0.37510000000000004,-0.00012040710000000002,3.887412778531007,0.0012478595019084532
RGI60-06.00508,2001,2020,0.1197,8.6184e-06,6.337465842874835,0.0004562975406869881
RGI60-06.00509,2001,2020,-0.1511,-2.6140300000000004e-05,4.296109012562722,0.0007432268591733509
RGI60-06.00510,2001,2020,-0.16570000000000001,-8.59983e-05,3.6235368776248293,0.0018806156394872865
RGI60-06.00511,2001,2020,-0.08685000000000001,-3.873510000000001e-05,3.6922557274562515,0.0016467460544454882
RGI60-06.00512,2001,2020,-0.8284,-0.0022954964,2.929287551145787,0.008117055804224976
RGI60-06.00513,2001,2020,-0.8952499999999999,-0.004962370749999999,2.7722308318140456,0.015366475500745257
RGI60-06.00514,2001,2020,-0.6768000000000001,-0.0021089088000000003,2.9767172224488965,0.009275450865150761
RGI60-06.00515,2001,2020,0.0738,1.1734200000000002e-05,6.058757227393797,0.0009633423991556138
RGI60-06.00516,2001,2020,0.1555,0.00012828750000000002,3.433967073130801,0.002833022835332911
RGI60-06.00517,2001,2020,-0.052400000000000016,-2.352760000000001e-05,3.526892361897539,0.0015835746704919952
RGI60-06.00518,2001,2020,-0.01885,-1.8209099999999998e-05,3.2218597115135372,0.003112316481322077
RGI60-06.00519,2001,2020,0.12705,3.163545e-05,3.8654146104530347,0.0009624882380028057
RGI60-06.00520,2001,2020,-0.12255,-4.975530000000001e-05,3.6360461116509413,0.001476234721330282
RGI60-06.00521,2001,2020,0.04115,1.98343e-05,3.504361700320003,0.0016891023395542418
RGI60-06.00522,2001,2020,0.15040000000000003,6.572480000000003e-05,3.552464667341398,0.001552427059628191
RGI60-06.00523,2001,2020,0.179,0.000126553,3.613139594112707,0.0025544896930376837
RGI60-06.00524,2001,2020,0.16460000000000002,1.4814000000000002e-05,7.192819963584609,0.0006473537967226148
RGI60-06.00525,2001,2020,-0.6753,-0.00013033290000000002,5.82858814002656,0.001124917511025126
RGI60-06.00526,2001,2020,-0.6533,-4.31178e-05,5.563196646261939,0.00036717097865328796
RGI60-06.00527,2001,2020,-0.8712500000000001,-0.00012110375000000002,4.8471043943739875,0.0006737475108179843
RGI60-06.00528,2001,2020,-0.27895,-9.205349999999999e-05,6.295039818593525,0.002077363140135863
RGI60-06.00529,2001,2020,-0.95985,-0.00019868895,4.475292861073468,0.0009263856222422079
RGI60-06.00530,2001,2020,-0.44335,-0.00022788190000000004,4.339454011978715,0.0022304793621570596
RGI60-06.00531,2001,2020,-0.45430000000000004,-4.1341300000000003e-05,7.050147965961186,0.0006415634649024679
RGI60-06.00532,2001,2020,-0.6593,-0.0001555948,5.97436101110488,0.0014099491986207515
RGI60-06.00533,2001,2020,-0.17784999999999998,-2.080845e-05,6.986787943903418,0.0008174541894367001
RGI60-06.00534,2001,2020,-0.4260999999999999,-9.033319999999999e-05,5.071720503804544,0.0010752047468065634
RGI60-06.00535,2001,2020,-0.3106499999999999,-8.760329999999997e-05,4.348732639324586,0.0012263426042895334
RGI60-06.00536,2001,2020,-0.6335999999999999,-0.00013305600000000002,4.474078760689537,0.0009395565397448028
RGI60-06.00537,2001,2020,-0.37134999999999996,-5.12463e-05,4.950036069586779,0.0006831049776029755
RGI60-06.00538,2001,2020,-0.19460000000000002,-1.0897600000000002e-05,8.634280828144131,0.0004835197263760714
RGI60-06.00539,2001,2020,-0.6401,-0.0267965063,2.1794485784174134,0.09123825583828818
RGI60-06.00540,2001,2020,-0.8974,-0.021467602800000003,2.3343181639847423,0.05584155911884301
RGI60-06.00541,2001,2020,-0.40234999999999993,-0.009151853099999998,2.3432443708044,0.05329943645831689
RGI60-06.00542,2001,2020,-0.40829999999999994,-0.0011661048,3.2195735975808284,0.009195102194690847
RGI60-06.00543,2001,2020,-0.53915,-0.00138723295,3.1898561032792796,0.008207499753737586
RGI60-06.00544,2001,2020,-0.6976,-0.0201250624,2.2653035412682647,0.06535174186204817
RGI60-06.00545,2001,2020,-0.7451000000000001,-0.012280738200000002,2.4535868777317535,0.040440018918774766
RGI60-06.00546,2001,2020,-0.27415,-3.6187800000000006e-05,4.47984452406378,0.000591339477176419
RGI60-06.00547,2001,2020,-0.7411000000000001,-0.00018379280000000003,4.553461938693357,0.0011292585607959526
RGI60-06.00548,2001,2020,-0.048299999999999996,-1.56975e-05,3.6714548728551115,0.0011932228336779113
RGI60-06.00549,2001,2020,-0.50885,-0.0033787640000000002,2.936207287405044,0.019496416388369495
RGI60-06.00550,2001,2020,-0.27799999999999997,-3.8085999999999994e-05,4.2188030085300445,0.0005779760121686161
RGI60-06.00551,2001,2020,-0.27635,-6.52186e-05,3.9230824324180404,0.0009258474540506577
RGI60-06.00552,2001,2020,-0.034350000000000006,-7.694400000000002e-06,4.241052781039539,0.0009499958229528567
RGI60-06.00553,2001,2020,-0.9559,-0.0053683344,2.7920861213961707,0.015680355657760898
RGI60-06.00554,2001,2020,-0.6402500000000001,-0.0017734925000000004,2.9826502695746018,0.008261941246721647
RGI60-06.00555,2001,2020,-0.6577,-0.0014456246,2.990276034281397,0.006572626723350511
RGI60-06.00556,2001,2020,-0.02304999999999998,-1.1017899999999992e-05,3.639238638281003,0.0017395560690983195
RGI60-06.00557,2001,2020,0.18849999999999997,7.351499999999999e-05,3.4243543551687416,0.0013354981985158093
RGI60-06.00558,2001,2020,-1.75795,-0.0228076433,2.2478656327086886,0.029163808718762525
RGI60-06.00559,2001,2020,-0.357,-0.00011209800000000001,3.3839060153125495,0.0010625464888081406
RGI60-06.00560,2001,2020,-0.389,-4.9014e-05,3.8106787678055896,0.0004801455247435043
RGI60-06.00561,2001,2020,-0.4412,-0.0027473524,2.4298067247957538,0.015130406475303159
RGI60-06.00562,2001,2020,-0.35025,-0.0032159955000000003,2.2912467713065183,0.021038227854136452
RGI60-06.00563,2001,2020,0.05575,0.00018509,2.6788015660400264,0.008893621199252888
RGI60-06.00564,2001,2020,-0.72135,-0.0005561608500000002,3.098884235932981,0.0023892397459043284
RGI60-06.00565,2001,2020,-0.34595000000000004,-0.00015809915000000003,3.4096614491530737,0.0015582152822629547
RGI60-06.00566,2001,2020,-0.9190999999999999,-0.0025955384000000002,2.8527931810605014,0.008056287943314856
RGI60-06.00567,2001,2020,-0.16725000000000004,-5.686500000000002e-05,3.550296524208369,0.0012071008182308455
RGI60-06.00568,2001,2020,-0.52515,-0.00254015055,2.7036810119193047,0.013077705054653678
